polish,english,example,grammatical_type
Alkohol szkodzi zdrowiu,Alcohol harms health,,
Bawisz się twoim rowerem,You're playing with your bike,,
Bawię się moim samochodem,I'm playing with my car,,
Benek schował się w drzewie,Ben hid in a tree,,
Budujemy waszymi narzędziami,We're building with your tools,,
Chcę mi się spać,I want to sleep,,
Chcę siedzieć między corką i synem,I want to sit between my daughter and my son,,
Chyba po śniadaniu,Probably after breakfast,,
Czekam przed domem,I'm waiting in front of the house,,
Daj im to!,Give them it!,,
Daj jej to!,Give her it!,,
Daj mi to!,Give me it!,,
Daj mu to!,Give him it!,,
Daj nam to!,Give us it!,,
Daję ci to,I'm giving you it,,
Daję wam to,I'm giving you (plural) it,,
Dałem wodę mojemu spragnionemu kotu,I gave water to my thirsty cat,,
Dałem wodę temu chłopakowi,I gave water to this boy,,
Dzieci są w szkole,The children are in school,,
Ich samochód jest w garażu,Their car is in the garage,,
Interesuję się polityką,I'm interested in politics,,
Jadę tym szybkim pociągiem,I'm going by this fast train,,
Jemy naszymi łyżkami,We're eating with our spoons,,
Jemy tymi widelcami,We're eating with these forks,,
Jestem na starym mieście,I'm in the old town,,
Jestem nad morzem,I'm at the seaside,,
Jestem w zepsutej windzie,I'm in a broken lift,,
Jesteśmy na dworcu,We're at the station,,
Jesteśmy w hotelu,We're in the hotel,,
Jesteśmy w ich pokoju,We're in their room,,
Jesteśmy w pociągu,We're on the train,,
Kot śpi pod stołem,The cat's sleeping under the table,,
Krowa je trawę w polu,The cow is eating grass in a field,,
Lecimy nad Warszawą,We're flying above Warsaw,,
Mam czas po poniedziałku,I have time after Monday,,
Mamy szkielet w szafie!,We have a skeleton in the closet!,,
Masz kozy w nosie?,Do you have a snot in your nose?,,
Mieszkamy poza Warszawą,We live outside of Warsaw,,
Mleko jest w lodówce,The milk's in the fridge,,
Musimy rozmawiać o tym nieuczciwym gościu,We have to talk about this dishonest guest,,
Myję się tamtym białym mydłem,I'm washing myself with that white soap,,
Myję się tą czystą wodą,I'm washing myself with this clean water,,
Myślę o twoim gołym ciele!,I'm thinking about your naked body!,,
Myśłę o mojej Ewie,I'm thinking about my Ewa,,
Mówimy o jego szefie,We're speaking about his boss,,
Na tym czerwonym stole,On this red table,,
Na tym samym poziomie,On the same level,,
Nie przeszkadzaj naszemu sąsiadowi,Don't disturb our neighbour,,
Nie siedź na tej zimnej podłodze!,Don't sit on this cold floor!,,
Nie skacz po tatusiu!,Don't jump on Daddy!,,
O brzydkim instytucie,About the ugly institute,,
O jego ogromnej rzepie,About his enormous turnip,,
O mnie,About me,,
O nas,About us,,
O nich,About them,,
O niej,About her,,
O nim,About him,,
O tamtej łzie,About that tear,,
O tamtych drogich krzesłach,About those expensive chairs,,
O tej biednej ofierze,About the poor victim,,
O tej nudnej rzeźbie,About this boring sculpture,,
O tobie,About you,,
O twoich smacznych grzybach,About your tasty mushrooms,,
O tych szybkich rybach,About these fast fish,,
O tym grzybie,About this mushroom,,
O was,About you (plural),,
On jest w drużynie piłkarskiej,He's on the football team,,
Oni pozwalają waszemu dziecku pić kawę!,They allow your child to drink coffee!,,
Pomagam moim młodym uczniom,I'm helping my young students,,
Pomagam naszym młodym osobom,I'm helping our young people,,
Pomagam twoim młodym dzieciom,I'm helping your young children,,
Pomogę twojemu biednemu koniowi,I'll help your poor horse,,
"Poza pracą, nic go nie interesuje","Besides work, he's not interested in anything",,
Pracuje przy jej biurku,She is working at her desk,,
Pracuję pod Krakowem,I work in the suburbs of Kraków,,
Pracuję w biurze,I'm working in the office,,
Pracuję w moim własnym barze,I work in my own bar,,
Przy twoim telefonie,By your telephone,,
Przy twojej mamie,Beside your Mummy,,
Przy waszym obrazie,By your painting,,
Przyjdź do nas przed dziewiątą,Come before nine,,
Rozmawiamy o jej motywie,We're talking about her motive,,
Schował się za drzewem,He hid behind a tree,,
Sikam w toalecie!,I'm pissing in the toilet!,,
Są owoce w misie,There's fruit in the bowl,,
Słyszę coś na dachu!,I hear something on the roof!,,
W drugiej pończosze,In the other stocking,,
"W lecie, jedziemy na wakacje","In summer, we go on holiday",,
W naszym starym samochodzie,In our old car,,
W sklepie,In the shop,,
Z nami,With us,,
Z nim,With him,,
Z nimi,With them,,
Z nią,With her,,
Z tobą,With you,,
Z wami,With you (plural),,
Ze mną,With me,,
absolwent,graduate,,
aby,in order to,,
akapit,paragraph,,
aksamitny,velvety,,
akurat,exactly,,
aleja,avenue,,
ambasada,embassy,,
analiza,analysis,,
angażować się,to involve oneself in (repeated),,
ankieta,survey/questionnaire,,
apodyktyczny,domineering/bossy,,
aprobata,approval,,
asortyment,choice/range (of products),,
aspekt dokonany,perfective aspect,,
aspekt niedokonany,imperfective aspect,,
atelier,studio,,
autorytet,authority,,
awans,promotion,,
awaria,breakdown/crash/failure,,
badacz,researcher,,
badanie,study/test/research,,
badać,to research/investigate (repeated),,
bagno,marsh/swamp/bog,,
bandyci,bandits,,
bandyta,bandit,,
barwa,colour,,
bawełna,cotton,,
bać się,"to be scared, to fear",,
beczka,barrel,,
bezawaryjny,failure-free (without breakdown),,
bezdomny,homeless,,
bezinteresowny,selfless/unselfish,,
beznadziejny,hopeless,,
bezokolicznik,infinitive,,
bezowocny,fruitless,,
bezpieczeństwo,security/safety,,
bezpieczny,safe,,
bezrobocie,unemployment,,
bezwzględny,ruthless,,
bieganie,running,,
biernik (kogo? co?),accusative case,,
bierny,passive,,
bierz (brać),Take! (repeated),,
bierzesz (brać),You are taking,,
biodro,hip,,
biorę (brać),I am taking,,
biżuteria,jewellery,,
bliskość,closeness/nearness,,
blizna,scar,,
bliźniaczka,twin (female),,
bliźniak,twin (male),,
blokada,blockage,,
bogactwo,wealth,,
bohater,hero/protagonist,,
bojaźliwy,timid,,
bok,side,,
boleć,to ache/hurt,,
boleśnie,painfully,,
bon,token/voucher,,
brak,a lack,,
brakować,to lack,,
brakujący,missing,,
bramka,goal/gate,,
branża,branch/trade/business,,
bratowa,sister-in-law,,
bronić,to defend (repeated),,
broń,weapon,,
brudzić,to dirty (repeated),,
brzeg,edge/brim,,
brzmienie,sound/tone,,
brzmieć,to sound (repeated),,
brzmij (brzmieć),Sound! (repeated),,
brzmisz (brzmieć),You sound,,
brzmię (brzmieć),I sound,,
budować,to build (repeated),,
bunt,rebellion/mutiny,,
buntownik,rebel/mutineer,,
burmistrz,mayor,,
burz (burzyć),Demolish/destroy! (repeated),,
burzliwy,stormy,,
burzysz (burzyć),You are demolishing/destroying,,
burzyć,to demolish/destroy (repeated),,
burzę (burzyć),I am demolishing/destroying,,
bydło,cattle,,
bywać,to be (frequentative),,
były,ex/former,,
bzdura,nonsense/rubbish,,
bójka,fight,,
błagać,to beg (repeated),,
błahy,trivial,,
błysk,flash/twinkle,,
błyszczeć,to sparkle/shine,,
błyszczysz (błyszczeć),You are sparkling/shining,,
błyszczę (błyszczeć),I am sparkling/shining,,
błąd,mistake/error,,
błądzić,to wander (repeated),,
całkowicie,completely/totally,,
cecha,feature/trait/property/attribute,,
celibat,celibacy,,
celować,to aim (repeated),,
celownik (komu? czemu?),dative case,,
cenić,to value/appreciate,,
cesarz,emperor,,
charytatywny,charitable,,
chirurg,surgeon,,
chmiel,hop,,
chociaż,(even) though,,
chodzenie,walking,,
choroba,disease,,
choć,(even) though,,
chudnąć,to loose weight (repeated),,
chwilowo,momentarily/temporarily,,
chwilowy,temporary,,
chwycić,to grasp/grab (once),,
chwytać,to grasp/grab (repeated),,
chętny,eager,,
chęć,desire,,
chłodzić,to cool (repeated),,
ciasny,tight/cramped,,
ciekawość,curiosity/interest,,
cienki,thin,,
cierpienie,suffering,,
cierpieć,to suffer,,
cios,"blow (as in, hit)",,
cisza,silence,,
ciągle,continuously,,
ciąża,pregnancy,,
ciężar,weight,,
cięższy,heavier,,
cofać,to reverse (repeated),,
cofniesz (cofnąć),You will reverse,,
cofnąć,to reverse (once),,
cofnę (cofnąć),I will reverse,,
cud,miracle/marvel/wonder,,
cudzoziemiec,foreigner,,
cudzy,somebody else's,,
cyfrowy,digital,,
cygan,gypsy,,
cyniczny,cynical,,
czaisz się (czaić się),You are lurking,,
czaić się,to lurk (repeated),,
czaję się (czaić się),I am lurking,,
czar,charm,,
czasami,sometimes,,
czasownik,verb,,
czekanie,waiting,,
czepiać się,to pick on,,
czerwiec,June,,
czesne,tuition fee,,
czoło,forehead,,
czterysta,four hundred,,
czułość,tenderness/affection,,
czynić,to do/make something significant (repeated),,
czynność,action/activity,,
czyszczę (czyścić),I am cleaning/brushing,,
czytelnik,reader,,
czyścisz (czyścić),You are cleaning/brushing,,
czyścić,to clean/brush (repeated),,
częstować,to offer (repeated),,
częsty,common/frequent,,
część,part/piece,,
członek,member (of a group),,
cętka,spot,,
dalszy,further,,
dane,data,,
dar,gift/present,,
darmowy,free (of charge),,
darować,to gift (repeated),,
dawka,dose,,
dbać,to care (for) (repeated),,
definicja,definition,,
demonstracyjnie,demonstratively/ostentatiously,,
denerwujący,annoying/irritating,,
depcz (deptać),Tread/trample! (repeated),,
depczesz (deptać),You are treading/trampling,,
depczę (deptać),I am treading/trampling,,
deptać,to tread/trample (repeated),,
deskorolka,skateboard,,
dewiza,motto,,
dezaprobata,disapproval,,
diament,diamond,,
dlatego,so/therefore,,
dno,bottom of water,,
dobierać,to select/match (repeated),,
dobrać,to select/match (once),,
dobytek,belongings,,
doceniać,to appreciate (repeated),,
docenisz (docenić),You will appreciate,,
docenić,to appreciate (once),,
docenię (docenić),I will appreciate,,
dochodzić,to reach/arrive (repeated),,
dochód,income/profit,,
docierać do czegoś,to reach something (repeated),,
dodadzą (dodać),They will add,,
dodaj (dodać),Add! (once),,
dodajesz (dodawać),You are adding,,
dodaję (dodawać),I am adding,,
dodam (dodać),I will add,,
dodatkowo,additionally,,
dodawaj (dodawać),Add! (repeated),,
dodawanie,addition,,
dodawać,to add (repeated),,
dodać,to add (once),,
doganiać,to catch up with (repeated),,
dogodny,convenient/suitable,,
dogonić,to catch up with (once),,
dojrzałość,ripeness/maturity,,
dojść,to reach/arrive (once),,
dokuczać,to tease (repeated),,
dokuczliwy,troublesome/biting/gnawing/nagging,,
dokuczyć,to tease (once),,
dokładność,precision/accuracy,,
dolegać,to trouble/bother,,
dolny,lower,,
domniemany,alleged/supposed,,
domyślać się,to guess/suspect (repeated),,
domyślić się,to guess/suspect (once),,
doniczka,flowerpot,,
dopasować,to fit/match (once),,
dopasowywać,to fit/match (repeated),,
dopełniacz (kogo? czego?),genitive case,,
dopiero,barely/scarcely,,
dopingować,to support/boost (repeated),,
doradca,advisor,,
doradzać,to advise somebody (repeated),,
doradzić,to advise somebody (once),,
dorosłość,adulthood,,
dorosły,grown-up,,
dosięgać,to reach/catch up (repeated),,
dosięgnąć,to reach/catch up (once),,
doskonale,perfectly,,
doskonały,perfect,,
dostajesz (dostawać),You are get getting/receiving,,
dostaję (dostawać),I am getting/receiving,,
dostaniesz (dostać),You will get/receive,,
dostanę (dostać),I will get/receive,,
dostarczać,to deliver (repeated),,
dostarczyć,to deliver (once),,
dostateczny,sufficient/adequate,,
dostawaj (dostawać),Get/receive! (repeated),,
dostawać,to get/receive (repeated),,
dostać,to get/receive (once),,
dostań (dostać),Get/receive! (once),,
dostrzec,to spot/notice (once),,
dostrzegalny,discernible/perceptible,,
dostrzegać,to spot/notice (repeated),,
dostrzegę (dostrzec),I will spot/notice,,
dostrzeżesz (dostrzec),You will spot/notice,,
dostęp,access to (something),,
dostępny,accessible,,
dosłownie,literally,,
dotkliwy,severe/bitter/biting,,
dotkniesz (dotknąć),You will touch,,
dotknij (dotknąć),Touch! (once),,
dotknąć,to touch (once),,
dotknę (dotknąć),I will touch,,
dotrzesz (dotrzeć),You will reach something,,
dotrzeć do czegoś,to reach something (once),,
dotrę (dotrzeć),I will reach something,,
dotychczas,until now,,
dotyczyć,to concern,,
dotyk,touch,,
dotykaj (dotykać),Touch! (repeated),,
dotykam (dotykać),I am touching,,
dotykasz (dotykać),You are touching,,
dotykać,to touch (repeated),,
dowcip,joke,,
dowiadywać się,to learn about (repeated),,
dowiedzieć się,to learn about (once),,
dowolny,free/any/arbitrary,,
dowód,evidence,,
dozorca,caretaker/janitor,,
doświadczenie,experience,,
drabina,ladder,,
dreszcze,shivers,,
drewniany,wooden,,
drobny,small/frail/fine,,
druciany,wire,,
drukować,to print (repeated),,
drużyna,team/squad,,
drżeć,to shiver (repeated),,
drżysz (drżeć),You are shivering,,
drżę (drżeć),I am shivering,,
dusza,soul,,
dwa miliony,two million,,
dwa tysiące,two thousand,,
dwieście,two hundred,,
dyktando,dictation,,
dyktatura,dictatorship,,
dym,smoke,,
dyskutować,to discuss (repeated),,
dyspozycyjność,availability,,
dyżur,duty hours,,
dzbanek,jug,,
dziać się,to happen,,
dział,division/department,,
działalność,activity,,
działanie,action,,
działać,to work/function,,
działka,building plot,,
dzieciństwo,childhood,,
dziedziczyć,to inherit (repeated),,
dziedzina,branch/discipline/area,,
dziel się (dzielić się),Share/divide! (repeated),,
dzielisz się (dzielić się),You are sharing/dividing,,
dzielić się,to share/divide (repeated),,
dzielnica,district,,
dzielę się (dzielić się),I am sharing/dividing,,
dzisiejszy,today's,,
dziw się (dziwić się),Be surprised! (repeated),,
dziwisz się (dziwić się),You are surprised,,
dziwić się,to be surprised (repeated),,
dziwię się (dziwić się),I am surprised,,
dół,bottom/pit,,
dłoń,palm/hand,,
długotrwały,long-lasting,,
długość,length,,
dźgać,to jab (repeated),,
dźgnąć,to jab (once),,
dźwig,crane,,
ekran,screen,,
ekscytujący,exciting,,
eksponat,exhibit,,
emerytura,pension,,
energooszczędny,energy-saving,,
etap,lap/leg/stage,,
etat,job position,,
ewentualnie,alternatively,,
fala,wave,,
farba,paint/dye/ink,,
fałszywie,falsely/insincerely,,
ferie,holiday/break,,
filiżanka,cup,,
filozofia,philosophy,,
furgonetka,van,,
gabinet,small or private office,,
garnitur,suit,,
garść,handful,,
gasisz (gasić),You are extinguishing,,
gasić,"to put out, to extinguish (repeated)",,
gasnąć,to go out (repeated),,
gasnę (gasnąć),I am going out,,
gaszę (gasić),I am extinguishing,,
gatunek,kind/sort/variety/species,,
gałąź,branch,,
gaś (gasić),Extinguish! (repeated),,
gaśniesz (gasnąć),You are going out,,
gdyż,because,,
giełda,exchange (e.g. stock or labour),,
ginąć,to be killed (repeated),,
giąć,to bend (repeated),,
gliniany,clay,,
gniazdo,nest,,
gniesz (giąć),You are bending,,
gnij (giąć),Bend! (repeated),,
gnę (giąć),I am bending,,
godność,dignity,,
godło,emblem,,
gonisz (gonić),You are chasing,,
gonić,to chase,,
gonię (gonić),I am chasing,,
gorączka,fever,,
gospodarka,economy,,
gospodarstwo,household,,
gospodarz,host,,
gotówka,cash,,
gościnny,hospitable,,
gość,guest,,
granatowy,navy blue,,
granica,border,,
gromadzić,to amass/gather (repeated),,
grozisz (grozić),You are threatening,,
grozić,to threaten (repeated),,
grożę (grozić),I am threatening,,
grudzień,December,,
grzech,sin,,
grzejnik,heater/radiator,,
grzmot,thunder,,
grób,grave/tomb,,
gust,taste,,
gwałtownie,fiercely/rapidly/sharply/suddenly,,
góra,top/mountain,,
górny,upper,,
gąbka,sponge,,
gęsty,thick/dense,,
głaz,boulder,,
głośnik,(loud)speaker,,
głuchy,deaf,,
głębokość,depth,,
handel,trade/retail,,
harcerstwo,scouting,,
hałasować,to make noise,,
hejnał,bugle-call,,
hipoteza,hypothesis,,
imiesłów,participle,,
imitować,to imitate,,
inaczej,otherwise/differently,,
indziej,else,,
ingerencja,interference,,
ingerować,to interfere,,
iskierka,small spark,,
iskra,spark,,
istnienie,existence,,
istnieć,to exist,,
istota,creature,,
istotny,significant,,
izolować,to isolate (repeated),,
iść piechotą,to go on foot,,
jad,venom,,
jadowity,venomous,,
jakby,as if/though,,
jazda,a drive/ride (e.g. car/bike),,
jednocześnie,at the same time,,
jednorazowy,single/disposable,,
jedynaczka,only (girl) child,,
jedynak,only (boy) child,,
jedynie,only,,
jezioro,lake,,
jeździsz (jeździć),You are going (by vehicle),,
jeździć,to go (by vehicle),,
jeżdżę (jeździć),I am going (by vehicle),,
jubiler,jeweller,,
kaloryfer,radiator,,
kancelaria,administrative office,,
kaprys,a whim,,
karać,to punish (repeated),,
kartka,sheet of paper,,
kawaler,bachelor,,
kazać,to command/order,,
każesz (kazać),You are commanding,,
każę (kazać),I am commanding,,
kierownica,steering wheel or handle bars,,
kierunek,direction,,
kieszeń,pocket,,
kij,stick,,
kikut,stump,,
kilkanaście,a dozen or so,,
klamka,handle,,
klatka,cage,,
klawisz,piano key,,
klejnot,jewel,,
klękać,to kneel (repeated),,
klęknąć,to kneel (once),,
kobiecość,femininity,,
kobiecy,feminine,,
kojarzyć się,to be associated/reminded (repeated),,
kojący,soothing,,
kolej,railway/railroad,,
kolejność,sequence/order,,
kolejny,consecutive/subsequent,,
kolekcja,collection,,
komin,chimney,,
komisariat,police station,,
komnata,chamber,,
kompromitujący,compromising,,
konfliktowy,confrontational,,
konieczność,necessity,,
konkurencja,competition,,
konkurs,contest/competition,,
konsekwentny,consistent,,
konto,account,,
kontrahent,contractor,,
kopać,to kick (repeated),,
koperta,envelope,,
kopnąć,to kick (once),,
koryto,trough or river bed,,
korzeń,root,,
korzystać,to benefit from (repeated),,
korzyść,benefit,,
kosmyk,wisp,,
koszmar,nightmare,,
kołdra,duvet,,
koślawy,crooked,,
krach,crash,,
kradniesz (kraść),You are stealing,,
kradnę (kraść),I am stealing,,
kraina,land/region/area,,
krata,bars/grating/grid,,
kraść,to steal (repeated),,
kres,end,,
krewny,(blood) relative,,
kreślić,to trace/plot/sketch (repeated),,
kroić,to cut I (repeated),,
krok,step,,
kromka,slice,,
kropla,drop,,
kruk,raven,,
krytykować,to criticise (repeated),,
krzyczeć,to shout (repeated),,
krzyczysz (krzyczeć),You are shouting,,
krzyczę (krzyczeć),I am shouting,,
krzykniesz (krzyknąć),You will shout,,
krzyknąć,to shout (once),,
krzyknę (krzyknąć),I will shout,,
krzywa,curve,,
krzyż,cross,,
królewicz,prince I,,
królowa,queen,,
krążyć,to circle/rotate/orbit,,
książę,prince II,,
księżniczka,princess,,
kształt,shape,,
kształtować,to shape (repeated),,
kuchenka,stove/hob,,
kuchenny,kitchen,,
kula,ball/sphere/bullet,,
kumpel,pal/buddy,,
kupno,purchase,,
kurz,dust,,
kwadratowy,square,,
kwestia,question/matter,,
kwiecień,April,,
kładziesz (kłaść),You are laying,,
kładę (kłaść),I am laying,,
kłamać,to lie (repeated),,
kłaść,to lay (repeated),,
kłócisz się (kłócić się),You are arguing,,
kłócić się,to argue (repeated),,
kłócę się (kłócić się),I am arguing,,
kłótnia,argument,,
lansować,to promote/launch (repeated),,
lecieć,to fly (repeated),,
lecisz (lecieć),You are flying,,
lecz,but,,
leczenie,treatment/therapy,,
leczyć,to treat/cure/heal (repeated),,
lecę (lecieć),I am flying,,
ledwie,barely/hardly,,
lepszość,superiority,,
lewa strona,left side,,
leż (leżeć),Lie!,,
leżeć,to lie,,
leżysz (leżeć),You are lying,,
leżę (leżeć),I am lying,,
licencjat,bachelor's degree,,
liczba,number/figure,,
liczebnik główny,cardinal number,,
liczebnik porządkowy,ordinal number,,
liczyć,to count (repeated),,
lipiec,July,,
listopad,November,,
litościwy,merciful,,
lokować,to place (repeated),,
losować,to draw (e.g. a card) (repeated),,
lud,folk/people,,
ludzki,human,,
luty,February,,
ląd,land,,
lądować,to land (repeated),,
lśniący,shiny,,
lżejszy,lighter,,
macierzyństwo,motherhood,,
macocha,stepmother,,
magisterium,master's degree,,
maj,May,,
majątek,asset/property,,
makler,stock broker,,
mandat,ticket/fine,,
marka,brand/make,,
marnować,to waste (repeated),,
marny,weak/feeble/flimsy,,
marsz,march,,
marynarka,suit jacket,,
marz (marzyć),Dream!,,
marzec,March,,
marzysz (marzyć),You are dreaming,,
marzyć,to dream,,
marzę (marzyć),I am dreaming,,
matowy,matt (not shiny),,
mazak,felt-tip pen,,
mgła,fog/mist,,
mianownik (kto? co?),nominative case,,
miara,measure/size,,
miecz,sword,,
miejscownik (o kim? o czym?),locative case,,
miejski,municipal/urban,,
miesiąc,month,,
miesięczny,monthly,,
mieszać,to mix (repeated),,
mieszczę się (mieścić się),I am fitting,,
mieszkaniec,occupant/inhabitant,,
mieścisz się (mieścić się),You are fitting,,
mieścić się,to fit (repeated),,
mijać,to pass (repeated),,
mikstura,potion,,
milcz (milczeć),Keep silent!,,
milczeć,to keep silent,,
milczysz (milczeć),You are keeping silent,,
milczę (milczeć),I am keeping silent,,
milion,one million,,
milknąć,to fall silent (repeated),,
mimiczny,facial,,
mimo to,nevertheless,,
minąć,to pass (once),,
miotła,broom,,
miska,bowl,,
mistrz,master/champion,,
mistrzostwa,championships,,
mit,myth,,
mięsień,muscle,,
miłośniczka,lover/enthusiast (female),,
miłośnik,lover/enthusiast (male),,
mniejszość,minority,,
mnogi,plural,,
mnożyć,to multiply (repeated),,
mnóstwo,plenty (of something),,
moczyć,to wet (repeated),,
modlitwa,prayer,,
mogli,They were able to (m),,
mogliście,You (plural) were able to (m),,
mogliśmy,We were able to (m),,
mogą,They can,,
mogę,I can,,
mogła,She was able to,,
mogłam,I was able to (f),,
mogłaś,You were able to (f),,
mogłem,I was able to (m),,
mogłeś,You were able to (m),,
mogło,It was able to,,
mogły,They were able to (f),,
mogłyście,You (plural) were able to (f),,
mogłyśmy,We were able to (f),,
morderca,murderer,,
mowa,speech,,
mozolny,arduous/laborious,,
może,He/she/it can,,
możecie,You (plural) can,,
możemy,We can,,
możesz,You can,,
możliwość,possibility,,
mroźny,frozen,,
mróz,frost,,
mur,wall,,
musi,He/she/it must,,
musiał,He had to,,
musiała,She had to,,
musiałam,I had to (f),,
musiałaś,You had to (f),,
musiałem,I had to (m),,
musiałeś,You had to (m),,
musiało,It had to,,
musiały,They had to (f),,
musiałyście,You (plural) had to (f),,
musiałyśmy,We had to (f),,
musicie,You (plural) must,,
musieli,They had to (m),,
musieliście,You (plural) had to (m),,
musieliśmy,We had to (m),,
musimy,We must,,
musisz,You must,,
muszą,They must,,
muszę,I must,,
myj (myć),Wash! (repeated),,
myjesz (myć),You are washing,,
myję (myć),I am washing,,
mylić się,to make mistakes (repeated),,
mylny,mistaken/erroneous/wrong,,
myć,to wash (repeated),,
mógł,He was able to,,
mówienie,speaking,,
mózg,brain,,
męczący,tiresome/tiring,,
męski,masculine,,
męskoosobowy,masculine personal,,
młodość,youth,,
młodzieniec,youth,,
mścić się,to avenge oneself on somebody (repeated),,
na dodatek,in addition,,
na stałe,permanently,,
nabijać,to load/charge/fill (repeated),,
nabić,to load/charge/fill (once),,
nachylać się,to bend down/lean (repeated),,
nachylić się,to bend down/lean (once),,
naciskać,to press (repeated),,
nacisnąć,to press (once),,
naczynie,vessel,,
nadal,still,,
nadmierny,excessive,,
nadziać,to impale (once),,
nadziejesz (nadziać),You will impale,,
nadzieję (nadziać),I will impale,,
nadziewać,to impale (repeated),,
nagranie,recording,,
nagroda,prize,,
nakrapiany,speckled,,
nakładać,to apply (repeated),,
nalać,to pour into (once),,
nalewać,to pour into (repeated),,
należ (należeć),Belong! (repeated),,
należeć,to belong,,
należysz (należeć),You belong,,
należę (należeć),I belong,,
namowa,suggestion/instigation,,
namydlać,to soap (repeated),,
namydlić,to soap (once),,
napełniaj (napełniać),Fill! (repeated),,
napełniam (napełniać),I am filling,,
napełniasz (napełniać),You are filling,,
napełniać,to fill (e.g. with liquid) (repeated),,
napełnij (napełnić),Fill! (once),,
napełnisz (napełnić),You will fill,,
napełnić,to fill (e.g. with liquid) (once),,
napełnię (napełnić),I will fill,,
napęcznieć,to swell (once),,
napędzaj (napędzać),Drive/propel! (repeated),,
napędzam (napędzać),I am driving/propelling,,
napędzasz (napędzać),You are driving/propelling,,
napędzać,to drive/propel (repeated),,
napędzisz (napędzić),You will drive/propel,,
napędzić,to drive/propel (once),,
napędzę (napędzić),I will drive/propel,,
napędź (napędzić),Drive/propel! (once),,
naradzać się,to confer (repeated),,
naradzić się,to confer (once),,
narkoza,anaesthesia,,
narodowy,national,,
narzędnik (z kim? z czym?),instrumental case,,
narzędzie,device/tool/instrument,,
naród,nation,,
nasilać się,to increase/intensify (repeated),,
nasilić się,to increase/intensify (once),,
nastawiać,to set (repeated),,
nastawiony,orientated,,
nastawić,to set (once),,
nastolatek,teenager,,
nastrój,mood,,
nastąpić,to follow/proceed (once),,
następować,to follow/proceed (repeated),,
następujący,following/succeeding,,
nasycenie,saturation,,
natomiast,whereas,,
nauczanie,teaching,,
nauczyć się,to learn (once),,
nauka,science,,
nawias,bracket,,
nawyk,habit/practice/custom,,
nazista,nazi,,
nazistowski,nazi,,
naziści,nazis,,
nałożyć,to apply (once),,
nałóg,bad habit,,
negocjować,to negotiate (repeated),,
niczyj,nobody's/no-one's,,
nie kłóć się (kłócić się),Don't argue! (repeated),,
nie smuć się (smucić się),Don't be saddened! (repeated),,
niebawem,presently/soon,,
niebezpieczny,dangerous,,
niebiosa,heaven,,
nieboszczyk,the deceased,,
niebywały,exceptional,,
nieco,somewhat,,
niedawny,recent,,
niedbałość,negligence,,
niedoświadczony,inexperienced,,
niegdyś,formerly,,
niekończący się,never-ending,,
niemal,almost/nearly,,
nienawiść,hatred,,
niepodatny,impervious/insusceptible,,
niepodległość,political/national independence,,
niepowodzenie,fiasco/failure,,
niepowtarzalność,uniqueness,,
nieprzebyty,impassable,,
nieprzerwany,uninterrupted,,
nieprzypadkowo,"intentionally, not accidentally",,
nieprzystosowany,ill-suited/ill-fitted,,
nieprzytomny,unconscious,,
nieraz,many a time,,
nieruchomy,"still, not moving",,
niespełna,nearly,,
niespodzianka,surprise,,
niespodziewany,unexpected/unforeseen,,
niesprawiedliwy,unfair/unjust,,
nietknięty,untouched/unharmed/intact,,
nieuczciwy,dishonest,,
nieudolnie,clumsily,,
nieuleczalny,incurable,,
niewiadomy,unknown,,
niewierność,infidelity,,
niezależność,independence,,
niezależny,independent,,
niezbędny,indispensable/necessary/essential,,
niezgodność,incompatibility,,
niezrozumiały,incomprehensible/unintelligible,,
niezwykły,unusual,,
nieśmiały,shy,,
nieśmiertelność,immortality,,
niszczyć,to devastate/destroy (repeated),,
niższość,inferiority,,
niższy,lower,,
notoryczny,notorious,,
notować,to note (repeated),,
nowinka,gossip,,
nowo,newly,,
noworodek,newborn (baby),,
nowożeńcy,newly-weds,,
nurkować,to dive (repeated),,
oba,"both (m, n)",,
obaj mężczyźni,both men,,
obawa,anxiety/fear,,
obawiać się,to be afraid/concerned,,
obcinać,to clip/trim (repeated),,
obciąć,to clip/trim (once),,
obciążać,to burden/load (repeated),,
obciążenie,burden/load,,
obciążyć,to burden/load (once),,
obcy,foreign/strange,,
obecnie,currently/presently,,
obecność,presence,,
obecny,current/present,,
obejrzeć,to watch/look at (once),,
obetniesz (obciąć),You will clip/trim,,
obetnę (obciąć),I will clip/trim,,
obie,both (f),,
obie kobiety,both women,,
obiecaj (obiecać),Promise! (once),,
obiecam (obiecać),I will promise,,
obiecasz (obiecać),You will promise,,
obiecać,to promise (once),,
obiecuj (obiecywać),Promise! (repeated),,
obiecujesz (obiecywać),You promise,,
obiecuję (obiecywać),I promise,,
obiecywać,to promise (repeated),,
obiektyw,lens,,
obierać,to peel/shell/skin (repeated),,
obietnica,(a) promise,,
objaw,symptom,,
objawiać,to manifest (repeated),,
objawić,to manifest (once),,
objaśniać,to clarify (repeated),,
objaśnić,to clarify (once),,
obleśny,lecherous/revolting,,
oboje,both (man and woman),,
obojętny,indifferent/irrelevant,,
obowiązek,duty/obligation,,
obraz,image/picture/painting,,
obrać,to peel/shell/skin (once),,
obrona,defense,,
obronić,to defend (once),,
obrzeże,edge,,
obskurny,dingy/shabby,,
obszar,area/territory,,
obsługiwać,to serve or to operate (repeated),,
obsłużyć,to serve or to operate (once),,
oburzony,indignant/outraged,,
obuwie,footwear,,
obuwniczy,footwear,,
obwisły,sagging/drooping,,
obóz,camp,,
obłąkany,crazy/mad,,
ocalać,to rescue/save II (repeated),,
ocalić,to rescue/save II (once),,
ocena,grade/mark,,
oceniać,to appraise (repeated),,
ocenić,to appraise (once),,
ocet,vinegar,,
ochrona,protection/security,,
ochłodzić,to cool (once),,
oczekiwanie,anticipation,,
oczekiwać,to anticipate,,
oczekuj (oczekiwać),Anticipate!,,
oczekujesz (oczekiwać),You are anticipating,,
oczekuję (oczekiwać),I am anticipating,,
od nowa,from scratch,,
odbicie,reflection,,
odbierać,to take back (repeated),,
odbywa się (odbywać się),it is taking place,,
odbywają się (odbywać się),they are taking place,,
odbywać się,to take place (repeated),,
odbyć się,to take place (once),,
odbędzie się (odbyć się),it will take place,,
odbędą się (odbyć się),they will take place,,
odchodzić,to go away (repeated),,
odcięty,cut off from,,
oddadzą (oddać),They will give back,,
oddaj (oddać),Give back! (once),,
oddajesz (oddawać),You are giving back,,
oddaję (oddawać),I am giving back,,
oddalać,to move away (repeated),,
oddalenie,remoteness,,
oddalić,to move away (once),,
oddam (oddać),I will give back,,
oddany,devoted,,
oddawaj (oddawać),Give back! (repeated),,
oddawać,"to give back, to return (repeated)",,
oddać,"to give back, to return (once)",,
odebrać,to take back (once),,
odejdziesz (odejść),You will go away,,
odejdę (odejść),I will go away,,
odejmiesz (odjąć),You will subtract,,
odejmować,to subtract (repeated),,
odejmę (odjąć),I will subtract,,
odejść,to go away (once),,
oderwać,to tear away (once),,
oderwiesz (oderwać),You will tear away,,
oderwę (oderwać),I will tear away,,
odgłos,sound/noise,,
odizolować,to isolate (once),,
odjechać,to leave/depart (by vehicle) (once),,
odjeżdżać,to leave/depart (by vehicle) (repeated),,
odjąć,to subtract (once),,
odkrycie,discovery,,
odkrywać,to discover (repeated),,
odkryć,to discover (once),,
odkręcaj (odkręcać),Unscrew/loosen! (repeated),,
odkręcam (odkręcać),I am unscrewing/loosening,,
odkręcasz (odkręcać),You are unscrewing/loosening,,
odkręcać,to unscrew/loosen (repeated),,
odkręcisz (odkręcić),You will unscrew/loosen,,
odkręcić,to unscrew/loosen (once),,
odkręcę (odkręcić),I will unscrew/loosen,,
odkręć (odkręcić),Unscrew/loosen! (once),,
odkurzacz,vacuum cleaner,,
odkurzać,to vacuum (repeated),,
odkurzyć,to vacuum (once),,
odkładać,to put back (repeated),,
odległość,distance,,
odmawiać,to refuse/deny (repeated),,
odmieniać,to conjugate/decline (repeated),,
odmienić,to conjugate/decline (once),,
odmówić,to refuse/deny (once),,
odnajdować,to find again (repeated),,
odnaleźć,to find again (once),,
odnawiać,to renew/restore (repeated),,
odnowisz (odnowić),You will renew/restore,,
odnowić,to renew/restore (once),,
odnowię (odnowić),I will renew/restore,,
odpady,waste,,
odpoczynek,rest,,
odpoczywać,to rest (repeated),,
odpocząć,to rest (once),,
odporny,resistent,,
odpowiadać,to answer (repeated),,
odpowiedni,correct/appropriate,,
odpowiedzialność,responsibility,,
odpowiedzialny,responsible,,
odpowiedzieć,to answer (once),,
odpowietrznik,air vent,,
odrobina,a bit of,,
odrywać,to tear away (repeated),,
odrzucenie,rejection/dismissal,,
odsetek,percentage,,
odstawienie,withdrawal,,
odsunąć się,to back off/away (once),,
odsuwać się,to back off/away (repeated),,
odwaga,courage,,
odważać się,to dare (repeated),,
odważyć się,to dare (once),,
odwdzięczać się,to repay (repeated),,
odwdzięczyć się,to repay (once),,
odwet,retaliation/revenge,,
odwiedzać,to visit (repeated),,
odwiedzić,to visit (once),,
odwieziesz (odwieźć),You will give a lift back,,
odwieźć,to give a lift back (once),,
odwiozę (odwieźć),I will give a lift back,,
odwozić,to give a lift back (repeated),,
odwołać,to cancel/withdraw (once),,
odwoływać,to cancel/withdraw (repeated),,
odwzajemniać,to reciprocate (repeated),,
odwzajemnić,to reciprocate (once),,
odziedziczyć,to inherit (once),,
odzieżowy,clothes/clothing,,
odzyskać,to regain (once),,
odzyskiwać,to regain (repeated),,
odłożyć,to put back (once),,
odświeżać,to refresh (repeated),,
odświeżyć,to refresh (once),,
odżywiać,to feed/nourish (repeated),,
odżywić,to feed/nourish (once),,
ofiara,victim,,
oglądać,to watch/look at (repeated),,
ognisko,bonfire/campfire,,
ograniczenie,limitation,,
ogólnokształcący,general education,,
ogłoszenie,notice/announcement,,
ojczym,stepfather,,
ojczysty,native,,
ojczyzna,homeland/motherland,,
okazać,to display (once),,
okazywać,to display (repeated),,
okolica,neighbourhood,,
określenie,term/designation,,
określony,specific,,
okruch,crumb,,
okrutny,cruel/severe/savage,,
okrzyk,shout/cry/exclamation,,
okręt,ship,,
opaska,bandage/armband,,
opieka,care,,
opiekować się,to look after (repeated),,
opinia,opinion,,
opis,description,,
opisać,to describe (once),,
opisywać,to describe (repeated),,
opona,tyre,,
opowieść,story/tale,,
oprogramowanie,software,,
oprócz,"except, apart from",,
opróżniać,to empty (repeated),,
opróżnić,to empty (once),,
opuszczać,to abandon/leave (repeated),,
opuścić,to abandon/leave (once),,
opętany,possessed,,
opłatek,wafer,,
opłukać,to rinse (once),,
orzeł,eagle,,
osada,settlement,,
osiedlać,to settle (repeated),,
osiedle,(housing) estate,,
osiedlić,to settle (once),,
osiągać,to achieve (repeated),,
osiągnąć,to achieve (once),,
osobisty,personal,,
osobiście,personally,,
osobowość,personality,,
ostatecznie,eventually/ultimately,,
ostrość,sharpness,,
ostrożnie,carefully,,
ostrze,edge/blade,,
ostrzeżenie,warning,,
oszacować,to estimate/assess (once),,
oszczędzać,to save/economize (repeated),,
oszczędzić,to save/economize (once),,
oszust,swindler/conman,,
osądzić,to think/suppose (once),,
osłodzić,to sweeten (once),,
otaczać,to surround (repeated),,
oto,here is/are,,
otoczenie,surroundings,,
otoczyć,to surround (once),,
otrzymać,to receive/obtain (once),,
otrzymywać,to receive/obtain (repeated),,
otulać,to wrap (repeated),,
otulić,to wrap (once),,
owad,insect,,
oznajmiać,to announce (repeated),,
oznajmić,to announce (once),,
ośmielać,to encourage (repeated),,
ośmielić,to encourage (once),,
ośrodek,centre,,
ożenić,to get married (to a woman) (once),,
paczka,package/parcel,,
pamięć,memory,,
panować,to reign/control (repeated),,
pantofel,slipper,,
pas,belt,,
pasażer,passenger,,
pasujący,matching,,
patelnia,pan,,
patetyczny,pompous,,
państwowy,state/civil/public/national,,
październik,October,,
pejzaż,landscape,,
pewność siebie,self-confidence,,
pewny,sure,,
picie,drinking,,
piekarnik,oven,,
pieniądze,money,,
pierzesz (prać),You are laundering,,
pierś,chest/breast,,
pierścionek,ring,,
pilnować,"to mind, to tend to, to watch over, to look after",,
pilny,diligent/conscientious,,
piorę (prać),I am laundering,,
pistolet,pistol,,
pięć milionów,five million,,
pięć tysięcy,five thousand,,
plama,spot/stain,,
plamić,to stain/soil (repeated),,
plecy,back,,
plemię,tribe,,
plotkować,to gossip,,
pobicie,beating,,
pobierać,to download (repeated),,
pobierać się,to get married (repeated),,
pobliski,nearby,,
pobocze,verge/shoulder,,
pobrać,to download (once),,
pobrać się,to get married (once),,
pobyt,stay,,
pocztówka,postcard,,
poczucie,feeling/sense,,
początek,beginning,,
początkowo,initially,,
poczęstować,to offer (once),,
podarować,to gift (once),,
podatek,tax,,
podchodzić,to approach (repeated),,
podcinać,to slash (repeated),,
podciąć,to slash (once),,
poddawać się,to give up/in (repeated),,
poddać się,to give up/in (once),,
podejrzenie,suspicion,,
podejrzewać,to suspect,,
podejść,to approach (once),,
podeptać,to tread/trample (once),,
podetniesz (podciąć),You will slash,,
podetnę (podciąć),I will slash,,
podgrzać,to (re)heat (once),,
podgrzejesz (podgrzać),You will (re)heat,,
podgrzeję (podgrzać),I will (re)heat,,
podgrzewać,to (re)heat (repeated),,
podjęcie,undertaking,,
podniesiesz (podnieść),You will pick up,,
podnieś (podnieść),Pick up! (once),,
podnieść,to pick up (once),,
podniosę (podnieść),I will pick up,,
podnosisz (podnosić),You are picking up,,
podnosić,to pick up (repeated),,
podnoszę (podnosić),I am picking up,,
podnoś (podnosić),Pick up! (repeated),,
podobieństwo,similarity,,
podobny,similar,,
podrażniać,to physically irritate (repeated),,
podrażnić,to physically irritate (once),,
podróżowanie,travelling,,
podręcznik,textbook,,
podstawowy,basic,,
podsumowanie,summing-up/summary,,
podupadać,to deteriorate (repeated),,
podupaść,to deteriorate (once),,
podwójny,double,,
podzielić się,to share/divide (once),,
podziemie,basement/underground,,
podziemny,underground,,
podziw,admiration,,
podziwiać,to admire,,
poezja,poetry,,
pogarda,contempt/scorn,,
pogarszać,to worsen (repeated),,
pogląd,opinion/view/outlook,,
pogorszyć,to worsen (once),,
pogrzeb,funeral,,
pojawiać się,"to appear, to show up (repeated)",,
pojawić się,"to appear, to show up (once)",,
pojedynczy,singular,,
pojemnik,container,,
pojmować,to comprehend (repeated),,
pojąć,to comprehend (once),,
pojęcie,concept/idea/notion,,
pokazać,to show (once),,
pokazujesz (pokazywać),You are showing,,
pokazuję (pokazywać),I am showing,,
pokazywać,to show (repeated),,
pokażesz (pokazać),You will show,,
pokażę (pokazać),I will show,,
pokojówka,maid,,
pokolenie,generation,,
pokonanie,unbeatable/insurmountable,,
pokrywka,cover,,
pokój,room/peace,,
pokład,deck,,
pokłócić się,to argue (once),,
polana,glade,,
polać,to pour (once),,
polecać,to recommend (repeated),,
polecieć,to fly (once),,
polecić,to recommend (once),,
polegać,to rely (on),,
polej (polać),Pour! (once),,
polejesz (polać),You will pour,,
poleję (polać),I will pour,,
polewać,to pour (repeated),,
policzyć,to count (once),,
polować,to hunt (repeated),,
pomagaj (pomagać),Help! (repeated),,
pomagam (pomagać),I am helping,,
pomaganie,helping,,
pomagasz (pomagać),You are helping,,
pomagać,to help (repeated),,
pomarszczony,wrinkled/shrivelled,,
pomieszczenie,room,,
pomnik,monument,,
pomnożyć,to multiply (once),,
pomogę (pomóc),I will help,,
pomożesz (pomóc),You will help,,
pomylić się,to make mistakes (once),,
pomysłowość,ingenuity/resourcefulness,,
pomyłka,error/mistake,,
pomyślany,conceived,,
pomóc,to help (once),,
pomóż (pomóc),Help! (once),,
ponadto,furthermore,,
ponawiać,to repeat/recur (repeated),,
ponieważ,so/therefore,,
poniżenie,humiliation,,
poniższy,following/below,,
ponowić,to repeat/recur (once),,
ponoć,seemingly/supposedly,,
popchnąć,to push (once),,
popełniać,to commit (e.g. a crime) (repeated),,
popełnić,to commit (e.g. a crime) (once),,
popierać,"to back up, to second (repeated)",,
poplamiony,stained/soiled,,
poplamić,to stain/soil (once),,
poprawka,correction,,
poprawnie,correctly/properly,,
poprzedni,previous,,
poprzeć,"to back up, to second (once)",,
popychać,to push (repeated),,
popyt,demand,,
poranny,morning,,
porażka,failure,,
porwany,kidnapped,,
porwać,to kidnap (once),,
porwiesz (porwać),You will kidnap,,
porwę (porwać),I will kidnap,,
porywać,to kidnap (repeated),,
porzucać,to abandon (repeated),,
porzucić,to abandon (once),,
porządek,order,,
porządny,neat/tidy,,
poród,delivery/childbirth,,
porównanie,comparison,,
porównać,to compare/equate (once),,
porównywać,to compare/equate (repeated),,
posada,job/position,,
posiadać,to own/possess,,
posiłek,meal,,
posmarować,to spread/rub/grease/smear (once),,
postanawiać,to decide (repeated),,
postanowienie,decision,,
postanowić,to decide (once),,
postać,figure/form,,
posterunek,police/fire station,,
postój,stopover/stop-off,,
postęp,progress,,
poszczególny,individual/particular,,
potknąć się,to stumble/trip (once),,
potomstwo,offspring,,
potrafić,"to know how, to be able",,
potraktować,to treat/handle (once),,
potrawa,dish (of food),,
potrzeba,need,,
potrząsać,to shake something (repeated),,
potrząsnąć,to shake something (once),,
potrząsnę (potrząsnąć),I will shake something,,
potrząśniesz (potrząsnąć),You will shake something,,
potykać się,to stumble/trip (repeated),,
potęga,(a) force/power,,
potężny,mighty/powerful,,
potłuczony,shattered,,
poważny,serious,,
powiedz (powiedzieć),Speak! (once),,
powiedzą (powiedzieć),They will say,,
powiem (powiedzieć),I will say,,
powierzchnia,surface/area,,
powietrze,fresh/open air,,
powinien,He should,,
powinienem,I should (m),,
powinieneś,You should (m),,
powinna,She should,,
powinnam,I should (f),,
powinnaś,You should (f),,
powinni,They should (m),,
powinniście,You (plural) should (m),,
powinniśmy,We should (m),,
powinno,It should,,
powinny,They should (f),,
powinnyście,You (plural) should (f),,
powinnyśmy,We should (f),,
powiększać,to extend/enlarge (repeated),,
powiększyć,to extend/enlarge (once),,
powodować,to cause I (repeated),,
powodzenie,success/luck,,
powrotny,return,,
powrót,return,,
powstanie,creation,,
powstawać,to come into being (repeated),,
powstać,to come into being (once),,
powszechny,prevailing/prevalent/common,,
powtarzać,to repeat/revise/review (repeated),,
powtórzysz (powtórzyć),You will repeat,,
powtórzyć,to repeat/revise/review (once),,
powtórzę (powtórzyć),I will repeat,,
powyższy,preceeding/above,,
powód,reason,,
poza tym,anyway/besides,,
pozaziemski,"alien (as in, extra-terrestrial)",,
pozbawiać,to deprive (repeated),,
pozbawiony,lacking,,
pozbawić,to deprive (once),,
pozbywać się,to rid oneself of (repeated),,
pozbyć się,to rid oneself of (once),,
pozbędziesz się (pozbyć się),You will rid yourself of,,
pozbędę się (pozbyć się),I will rid myself of,,
poznajesz (poznawać),You are meeting,,
poznaję (poznawać),I am meeting,,
poznawać,"to meet, to get to know (repeated)",,
poznać,"to meet, to get to know (once)",,
pozostawiać,to leave behind II (repeated),,
pozostawić,to leave behind II (once),,
pozwalać,to allow (repeated),,
pozwolenie,permit,,
pozwolić,to allow (once),,
pozór,appearance/pretence,,
połowa,half/middle,,
położyć,to lay (once),,
południe,south,,
połączyć,to connect/combine (once),,
pościg,pursuit,,
pośpiech,haste/rush,,
pośpieszny,hasty,,
poświęcać,to sacrifice (repeated),,
poświęcić,to sacrifice (once),,
pożarty,gobbled,,
pożałować,to regret (once),,
pożegnanie,farewell/parting,,
pożegnać,to say farewell (once),,
pożerać,"to devour, to gobble up (repeated)",,
pożreć,"to devour, to gobble up (once)",,
pożyczać,to borrow/lend (repeated),,
pożyczka,loan,,
pożyczyć,to borrow/lend (once),,
pożyteczny,beneficial,,
pożywienie,nourishment,,
pożądać,to desire,,
pracowity,hard-working,,
pragnąć,to desire (repeated),,
praktyka,practice,,
prasować,to press/iron (repeated),,
prawa strona,right side,,
prawdopodobny,probable,,
prać,to launder (repeated),,
premia,bonus,,
pretensja,complaint I,,
producent,manufacturer/producer,,
projektant,designer,,
promieniotwórczość,radioactivity,,
proponować,to propose (repeated),,
prosty,straight(forward)/simple,,
prośba,request,,
przecena,price reduction,,
przechodzień,passer-by,,
przechodzić,to cross (repeated),,
przecinać,to cut II (repeated),,
przeciwieństwo,opposition/contrast,,
przeciwniczka,opponent (female),,
przeciwnik,opponent (male),,
przeciwny,opposite,,
przeciąć,to cut II (once),,
przeciętny,mediocre,,
przed(e),"before, in front, first (in order)",,
przeddzień,the eve of,,
przedmieście,suburb,,
przedmiot,object/subject (e.g. history),,
przedpłata,down/advance payment,,
przedstawiać,to present (repeated),,
przedstawiciel,representative/agent,,
przedstawienie,performance/show,,
przedstawiony,introduced/depicted,,
przedstawić,to present (once),,
przedwczoraj,the day before yesterday,,
przedyskutować,to discuss (once),,
przedział,train compartment,,
przegapiać,to miss (repeated),,
przegapić,to miss (once),,
przeglądać,to skim over (repeated),,
przegrać,to lose (once),,
przegrywać,to lose (repeated),,
przejmować,to take over (repeated),,
przejrzeć,to skim over (once),,
przejąć,to take over (once),,
przejście,crossing/passage,,
przejść,to cross (once),,
przekazać,"to hand over, to pass on (once)",,
przekazywać,"to hand over, to pass on (repeated)",,
przekonanie,belief/conviction,,
przekonać,to convince (once),,
przekonywać,to convince (repeated),,
przekroisz (przekroić),You will cut in half,,
przekroić,to cut in half (once),,
przekroję (przekroić),I will cut in half,,
przekrój (przekroić),Cut in half! (once),,
przekręcać,to turn/rotate (repeated),,
przekręcić,to turn/rotate (once),,
przekształcać,to reshape (repeated),,
przekształcić,to reshape (once),,
przemoc,violence,,
przemysł,industry,,
przemówienie,speech,,
przemęczać,to strain (repeated),,
przemęczyć,to strain (once),,
przenikać,to penetrate (repeated),,
przeniknąć,to penetrate (once),,
przeplatać,to intersperse/intermingle (repeated),,
przepleść,to intersperse/intermingle (once),,
przeprowadzać,to perform/conduct (repeated),,
przeprowadzać się,to relocate oneself (repeated),,
przeprowadzić,to perform/conduct (once),,
przeprowadzić się,to relocate oneself (once),,
przeprowadzka,move/removal,,
przepływ,flow,,
przerażający,terrifying/horrifying,,
przerażony,terrified,,
przerwa,break,,
przerwać,to interupt/discontinue (once),,
przerwiesz (przerwać),You will interupt/discontinue,,
przerwę (przerwać),I will interupt/discontinue,,
przerywać,to interupt/discontinue (repeated),,
przesiadać się,to change seats (repeated),,
przesiąść się,to change seats (once),,
przestawać,to stop doing (repeated),,
przestać,to stop doing (once),,
przestraszać się,to be frightened (repeated),,
przestraszyć się,to be frightened (once),,
przestrzeń,space/clearance,,
przestępca,criminal,,
przestępstwo,crime,,
przesuniesz (przesunąć),You will move/shift,,
przesunąć,to move/shift (once),,
przesunę (przesunąć),I will move/shift,,
przesuwać,to move/shift (repeated),,
przeszkadzać,to disturb (repeated),,
przeszkoda,obstacle,,
przeszkodzić,to disturb (once),,
przesłanie,message,,
przesłuchać,to interrogate/question (once),,
przesłuchiwać,to interrogate/question (repeated),,
przetrwać,to survive,,
przewijać,to fast-forward/rewind (repeated),,
przewinąć,to fast-forward/rewind (once),,
przewiązać,to tie up (once),,
przewiązywać,to tie up (repeated),,
przeziębiony,having a cold,,
przezroczysty,transparent,,
przełom,breakthrough,,
przeżywać,to live through or experience (repeated),,
przeżyć,to live through or experience (once),,
przodek,ancestor,,
przybrany,adoptive/foster,,
przybysz,newcomer,,
przychodzić,to come/arrive (on foot) (repeated),,
przycisk,button (tech),,
przyczyna,cause/reason,,
przydatny,useful,,
przygotowanie,preparation,,
przygotowany,prepared,,
przygotować,to prepare (once),,
przygotowywać,to prepare (repeated),,
przyimek,preposition,,
przyjdziesz (przyjść),You will come/arrive (on foot),,
przyjdę (przyjść),I will come/arrive (on foot),,
przyjdź (przyjść),Come! (on foot) (once),,
przyjechać,to arrive (by vehicle) (once),,
przyjemność,pleasure,,
przyjeżdżać,to arrive (by vehicle) (repeated),,
przyjmować,to accept (repeated),,
przyjąć,to accept (once),,
przyjęcie,party,,
przyjść,to come/arrive (on foot) (once),,
przykro mi,I'm sorry,,
przykrywać,to cover (repeated),,
przykryć,to cover (once),,
przymiotnik,adjective,,
przynajmniej,at least,,
przyniesiesz (przynieść),You will bring (on foot),,
przynieś (przynieść),Bring! (on foot) (once),,
przynieść,to bring (on foot) (once),,
przyniosę (przynieść),I will bring (on foot),,
przynosisz (przynosić),You are bringing (on foot),,
przynosić,to bring (on foot) (repeated),,
przynoszę (przynosić),I am bringing (on foot),,
przynoś (przynosić),Bring! (on foot) (repeated),,
przypadek,"accident (as in, coincidence)",,
przypinać się,to strap oneself (repeated),,
przypiąć się,to strap oneself (once),,
przypniesz się (przypiąć się),You will strap yourself,,
przypnę się (przypiąć się),I will strap myself,,
przypominać sobie,to recall/remember (repeated),,
przypomnieć sobie,to recall/remember (once),,
przyprowadzać,to bring (repeated),,
przyprowadzić,to bring (once),,
przypuszczać,to suppose/assume,,
przypuszczenie,supposition/assumption,,
przyroda,nature,,
przysięga,oath/swearing,,
przyspieszać,to accelerate (repeated),,
przyspieszyć,to accelerate (once),,
przystanek,bus/tram stop,,
przystosować,to adjust/adapt (once),,
przystosowywać,to adjust/adapt (repeated),,
przyszły,coming/future,,
przysłuchać się,to listen in (once),,
przysłuchiwać się,to listen in (repeated),,
przysługa,favour,,
przysłówek,adverb,,
przytomność,consciousness,,
przytrafiać się,to (be)chance (repeated),,
przytrafić się,to (be)chance (once),,
przytul (przytulić),Hug/cuddle! (once),,
przytulaj (przytulać),Hug/cuddle! (repeated),,
przytulam (przytulać),I am hugging/cuddling,,
przytulasz (przytulać),You are hugging/cuddling,,
przytulać,to hug/cuddle (repeated),,
przytulisz (przytulić),You will hug/cuddle,,
przytulić,to hug/cuddle (once),,
przytulny,cosy/snug,,
przytulę (przytulić),I will hug/cuddle,,
przytułek,poorhouse,,
przytwierdzać,to attach (repeated),,
przytwierdzić,to attach (once),,
przytyć,to gain weight (once),,
przywracać,to restore (repeated),,
przywrócić,to restore (once),,
przywódca,leader,,
przyznawać się,"to confess to, to own up to (repeated)",,
przyznać się,"to confess to, to own up to (once)",,
przyzwolenie,consent,,
przyzwyczaisz (przyzwyczaić),You will get accustomed,,
przyzwyczaić,to get accustomed (once),,
przyzwyczajać,to get accustomed (repeated),,
przyzwyczajony,accustomed,,
przyzwyczaję (przyzwyczaić),I will get accustomed,,
przyśnić się,to dream about (once),,
próba,try,,
prąd,electricity,,
prędkość,speed,,
psuć,to break/spoil/ruin (repeated),,
psychiczny,psychic,,
psychika,psyche,,
publicysta,columnist,,
pudełko,box,,
pustka,emptiness,,
pustynia,desert,,
pójdziesz (pójść),You will go,,
pójdę (pójść),I will go,,
pójdź (pójść),Go! (once),,
pół miliona,half a million,,
pół tysiąca,half a thousand,,
północ,north,,
później,later,,
pęczniejesz (pęcznieć),You are swelling,,
pęcznieję (pęcznieć),I am swelling,,
pęcznieć,to swell (repeated),,
pękać,to crack (repeated),,
pęknięty,cracked,,
pęknąć,to crack (once),,
płacisz (płacić),You are paying (for),,
płacić,to pay (for) (repeated),,
płacę (płacić),I am paying (for),,
płać (płacić),Pay! (repeated),,
płeć,sex,,
płodność,fertility,,
płucz (płukać),Rinse! (repeated),,
płuczesz (płukać),You are rinsing,,
płuczę (płukać),I am rinsing,,
płukać,to rinse (repeated),,
płyn,liquid,,
płynnie,fluently/smoothly,,
rada,advice,,
ramię,arm/shoulder,,
ramka,frame,,
ranisz (ranić),You are wounding/hurting,,
ranić,to wound/hurt (repeated),,
ranię (ranić),I am wounding/hurting,,
rata,instalment,,
ratować,to rescue/save I (repeated),,
ratunek,rescue/help,,
rań (ranić),Wound/hurt! (repeated),,
reagować,to react (repeated),,
redagować,to edit (repeated),,
reguła,rule,,
rejestrować,to register (repeated),,
rejon,region,,
reklamacja,complaint II,,
robak,bug,,
roczny,annual/yearly,,
rodzaj,type,,
rodzić,to give birth to (repeated),,
rondo,roundabout,,
rosnąć,to grow (repeated),,
rosnę (rosnąć),I am growing,,
rowerzysta,cyclist,,
rowerzyści,cyclists,,
rozbierać,to undress (repeated),,
rozbijać,to break/shatter (repeated),,
rozbić,to break/shatter (once),,
rozczarowany,disappointed,,
rozczarować się,to be disappointed (once),,
rozczarowywać się,to be disappointed (repeated),,
rozdział,chapter,,
rozebrać,to undress (once),,
rozejrzeć się,to look around (once),,
roześmiać się,to laugh out loud,,
rozgarnięty,sharp-witted,,
rozglądać się,to look around (repeated),,
rozkaz,order/command,,
rozkazujący,commanding/imperative,,
rozkosz,pleasure/delight,,
rozkład,decomposition,,
rozmazać,to smear/smudge (once),,
rozmazywać,to smear/smudge (repeated),,
rozmażesz (rozmazać),You will smear/smudge,,
rozmażę (rozmazać),I will smear/smudge,,
rozmowa,conversation/dialog/chat,,
rozpacz,despair,,
rozpaczliwy,desperate,,
rozpoczynać się,to begin/commence (repeated),,
rozpocząć się,to begin/commence (once),,
rozpoznawać,to recognize/identify/diagnose (repeated),,
rozpoznać,to recognize/identify/diagnose (once),,
rozrastać się,to grow/spread (repeated),,
rozrosnąć się,to grow/spread (once),,
rozruch,startup/starting,,
rozrywka,entertainment,,
rozrzucać,to scatter/spread (repeated),,
rozrzucisz (rozrzucić),You will scatter/spread,,
rozrzucić,to scatter/spread (once),,
rozrzucę (rozrzucić),I will scatter/spread,,
rozstanie,parting/split-up,,
rozstawać się,to part/split with (repeated),,
rozstać się,to part/split with (once),,
rozsypać,to spill/disperse (once),,
rozsypywać,to spill/disperse (repeated),,
rozsądny,sensible/wise,,
roztapiać,to melt (repeated),,
roztopić,to melt (once),,
roztrzepany,scatterbrained,,
rozważać,to weigh up (repeated),,
rozważyć,to weigh up (once),,
rozwijaj się (rozwijać się),Improve/develop! (repeated),,
rozwijam się (rozwijać się),I am improving/developing,,
rozwijasz się (rozwijać się),You are improving/developing,,
rozwijać się,to improve/develop (repeated),,
rozwiniesz się (rozwinąć się),You will improve/develop,,
rozwinąć się,to improve/develop (once),,
rozwinę się (rozwinąć się),I will improve/develop,,
rozwiązanie,solution,,
rozwiązać,to solve (once),,
rozwiązujesz (rozwiązywać),You are solving,,
rozwiązuję (rozwiązywać),I am solving,,
rozwiązywać,to solve (repeated),,
rozwiń się (rozwinąć się),Improve/develop! (once),,
rozwód,divorce,,
rozwój,development/progress,,
rozładować,to unload (once),,
rozładowywać,to unload (repeated),,
roślina,plant,,
rośniesz (rosnąć),You are growing,,
rośnij (rosnąć),Grow! (repeated),,
rubryka,blank or section,,
ruch,movement,,
rycerz,knight,,
ryknąć,to roar/bray/bellow (once),,
ryrzeć,to roar/bray/bellow (repeated),,
rysunek,drawing,,
ryzyko,risk,,
rzeczownik,noun,,
rzeczywistość,reality,,
rzeka,river,,
rzemiosło,craft/trade,,
rzucać,to throw (repeated),,
rzucić,to throw (once),,
rząd,government,,
rządzić,to govern,,
ród,family/kin/tribe,,
również,also,,
równik,equator,,
równina,plain,,
równouprawnienie,equal rights (equality),,
różnica,difference,,
różnić się,to differ,,
różny,different/diverse,,
ręcznie,by hand,,
rękaw,sleeve,,
sad,orchard,,
samobójstwo,suicide,,
samodzielność,autonomy,,
samolubny,selfish,,
samotność,loneliness,,
schodzić,to descend (repeated),,
schorowany,ailing/diseased,,
schudnąć,to loose weight (once),,
siadać,to sit down (repeated),,
siedzenie,seat,,
siedzieć,to sit,,
siedzisz (siedzieć),You are sitting,,
siedzę (siedzieć),I am sitting,,
siedź (siedzieć),Sit!,,
sierociniec,orphanage,,
sierpień,August,,
sierść,fur,,
sieć,fishing net,,
silnik,motor/engine,,
siądziesz (siąść),You will sit,,
siądę (siąść),I will sit,,
siądź (siąść),Sit down! (once),,
siąść,to sit down (once),,
skała,rock,,
skierowany,aimed/directed,,
skojarzenie,association,,
skojarzyć się,to be associated/reminded (once),,
skoro,since/as,,
skorupa,crust/shell,,
skorzystać,to benefit from (once),,
skracać,to shorten (repeated),,
skrajny,extreme,,
skrawek,scrap/patch,,
skromny,humble/modest,,
skruszony,apologetic/repentant,,
skrytykować,to criticise (once),,
skrzydło,wing,,
skrzynia,chest,,
skrzypce,violin,,
skrzyżowanie,junction/crossing/crossroads,,
skrócić,to shorten (once),,
skrót,abbreviation/short-cut,,
skupiać się,to concentrate (repeated),,
skupić się,to concentrate (once),,
skuteczny,effective,,
skutek,consequence/result/effect,,
składnia,syntax,,
skłamać,to lie (once),,
smarować,to spread/rub/grease/smear (repeated),,
smażyć,to fry (repeated),,
smucisz się (smucić się),You are saddened,,
smucić się,to be sad (repeated),,
smucę się (smucić się),I am saddened,,
smutek,sorrow,,
soczysty,juicy,,
sonda,opinion poll,,
spadać,to fall/drop (repeated),,
spalony,burnt/scorched,,
spaść,to fall/drop (once),,
spełniać,to fulfil or carry out (repeated),,
spełnić,to fulfil or carry out (once),,
splunąć,to spit at (once),,
spluwać,to spit at (repeated),,
spodziewać się,to expect,,
spoglądać,to glance (repeated),,
spojrzenie,glance,,
spojrzeć,to glance (once),,
spontaniczność,spontaneity,,
spontaniczny,spontaneous,,
sporo,a good/great deal,,
sposób,way/method/approach,,
spowiedź,confession,,
spowodować,to cause I (once),,
społeczeństwo,society,,
społeczny,social/societal,,
spośród,from among,,
spożywczy,food/grocery,,
spragniony,thirsty,,
sprawdzać,to check/verify/confirm (repeated),,
sprawdzić,to check/verify/confirm (once),,
sprawiać,to cause II (repeated),,
sprawiedliwość,justice,,
sprawić,to cause II (once),,
sprytny,cunning/shrewd,,
sprzeczny,conflicting/contradictory,,
sprzed,in front/before,,
sprzedawać,to sell (repeated),,
sprzedać,to sell (once),,
sprzedaż,sale,,
sprzątać,to clean (repeated),,
sprzątnąć,to clean (once),,
sprzęt,equipment,,
spychać,to drive back (repeated),,
spójnik,conjunction,,
spóźniać się,to be late (repeated),,
spóźnić się,to be late (once),,
spłata,repayment,,
spłukać,to rinse/flush (once),,
spłukiwać,to rinse/flush (repeated),,
spłynąć,to flow down (once),,
spływać,to flow down (repeated),,
ssak,mammal,,
stacyjka,ignition,,
stadion,stadium,,
stado,herd/pack/flock,,
stajnia,stable,,
stan,state/condition,,
stanowczo,firmly/flatly/categorically,,
stanowisko,post/position,,
starczać,to suffice (repeated),,
starczyć,to suffice (once),,
starość,old age,,
stawać się,to become/happen (repeated),,
stać się,to become/happen (once),,
stały,regular/steady/stable/fixed,,
staż,training/internship,,
stolarz,carpenter/joiner,,
stopnieć,to thaw (once),,
stosunek,relation/attitude,,
strata,"loss (e.g. of life, time or money)",,
strefa,zone,,
streszczenie,summary,,
strzała,arrow (weapon),,
strzałka,arrow (pointer),,
strzelać,to shoot/fire (repeated),,
strzelisz (strzelić),You will shoot/fire,,
strzelić,to shoot/fire (once),,
strzelę (strzelić),I will shoot/fire,,
stwierdzenie,assertion/statement,,
stwierdzić,to assert/claim (once),,
stworzyć,to create (once),,
stwórca,creator,,
styczeń,January,,
stypendium,bursary/grant,,
stąd,from here,,
sumienie,conscience,,
surowy,raw/harsh/severe,,
suszyć,to dry (repeated),,
swobodny,unconstrained,,
sylwetka,silhouette,,
syty,satiated,,
szacować,to estimate/assess (repeated),,
szacunek,respect,,
szafka,wall cupboard,,
szaleniec,madman,,
szaleństwo,madness/insanity,,
szanowny,honourable,,
szał,frenzy/delirium/lunacy,,
szczególnie,particularly/especially,,
szczegół,detail,,
szczerze,frankly/candidly,,
szczotkować,to brush (repeated),,
szczupły,lean,,
szczur,rat,,
szczyt,peak/summit,,
szczęka,jaw,,
szept,whisper,,
szeroki,wide,,
szkło,glass,,
szmata,rag,,
sznur,cord/line/lead,,
szpiegować,to spy,,
szufelka,dustpan,,
szuflada,drawer,,
szyba,pane (of glass),,
szycie,sewing,,
sąd,court (of law),,
sądzić,to think/suppose (repeated),,
sędzia,judge (profession),,
sława,fame/reputation,,
słodzić,to sweeten (repeated),,
słowiański,Slavic,,
słownictwo,vocabulary,,
słuchacz,listener,,
słup,pole/pylon/post/column,,
służbowo,on business,,
służący,servant,,
słynny,famous/well-known,,
słój,jar,,
tablica,blackboard/noticeboard,,
tajemnica,(a) secret,,
tajny,secret,,
tak samo,equally/same,,
tak zwany,so-called,,
tandeta,crap/tat/rubbish,,
teczka,briefcase,,
temu,ago,,
teoria,theory,,
teraźniejszość,the present,,
termin,deadline,,
terminarz,calendar,,
tkanina,fabric/cloth,,
tkanka,tissue,,
tom,volume (of a book),,
topić,to drown (repeated),,
topnieć,to thaw (repeated),,
towar,goods/commodity,,
towarzyski,gregarious,,
towarzystwo,company,,
towarzyszyć,to accompany,,
toń,depths,,
tracisz (tracić),You are losing (something),,
tracić,to lose (something) (repeated),,
tracę (tracić),I am losing (something),,
traf,chance,,
trafiać,to hit (repeated),,
trafić,to hit (once),,
traktować,to treat/handle (repeated),,
treść,content,,
troska,worry/care/concern,,
troszczyć się,"to care for, to take care of (repeated)",,
trucizna,poison,,
trud,difficulty,,
trumna,coffin/casket,,
trwać,to last/persist,,
trwałość,durability,,
trwały,durable,,
trzysta,three hundred,,
trząść się,to shake (repeated),,
trzęsiesz się (trząść się),You are shaking,,
trzęsę się (trząść się),I am shaking,,
trąbka,trumplet,,
tuż,nearby/just,,
twierdzić,to assert/claim (repeated),,
tworzyć,to create (repeated),,
tydzień,week,,
tyjesz (tyć),You are gaining weight,,
tyję (tyć),I am gaining weight,,
tyle,so many/much,,
tylny,rear,,
typowy,typical,,
tysiąc,one thousand,,
tyć,to gain weight (repeated),,
tępy,blunt/dull,,
tęsknota,a longing,,
tło,background,,
tłusty,fat,,
u stóp czegoś,at the foot of something,,
ubezpieczenie,insurance,,
ubiegły,last,,
ubierać,to dress (repeated),,
ubrać,to dress (once),,
ubrudzić,to dirty (once),,
ubłagać,to beg (once),,
uciec,to run away/escape (once),,
ucieczka,getaway/escape,,
uciekać,to run away/escape (repeated),,
uczelnia,university/college,,
uczestniczyć,to participate,,
uczestnik,participant,,
uczta,feast,,
uczucie,feeling,,
uczuciowy,emotional,,
uczynić,to do/make something significant (once),,
uczyć się,to learn (repeated),,
udany,successful,,
udawać,to fake/pretend (repeated),,
udawać się,to succeed (repeated),,
udać,to fake/pretend (once),,
udać się,to succeed (once),,
uderzać się,to hit/bump (repeated),,
uderzyć się,to hit/bump (once),,
udo,thigh,,
udowodniać,to prove (repeated),,
udowodnić,to prove (once),,
udręczać,to torment (repeated),,
udręczyć,to torment (once),,
udział,participation,,
ufać,to trust (repeated),,
ukarać,to punish (once),,
ukradkiem,furtively/steathily,,
ukraść,to steal (once),,
ukroić,to cut I (once),,
ukryjesz (ukryć),You will hide/conceal,,
ukryję (ukryć),I will hide/conceal,,
ukryty,hidden,,
ukrywać,to hide/conceal (repeated),,
ukryć,to hide/conceal (once),,
ukształtować,to shape (once),,
układać,to arrange/align (repeated),,
ulewny,torrential,,
ulokować,to place (once),,
ulubieniec,favourite,,
ulżysz (ulżyć),You are lightening/easing,,
ulżyć,to lighten/ease,,
ulżę (ulżyć),I am lightening/easing,,
umarzać,to write off (repeated),,
umiejętność,ability/skill,,
umierać,to die (repeated),,
umieć,"to know how, to be able",,
umorzony,written off,,
umorzyć,to write off (once),,
umowa,agreement,,
umrzeć,to die (once),,
umysł,mind,,
umysłowy,intellectual/mental,,
umywalka,bathroom sink,,
umyć,to wash (once),,
uniesienie,elation/passion,,
uniesiesz się (unieść się),You will hover,,
unieważnienie,invalidation,,
unieść się,to hover (once),,
unikać,to avoid (repeated),,
uniknąć,to avoid (once),,
uniosę się (unieść się),I will hover,,
unosić się,to hover (repeated),,
uosobienie,epitome/embodiment,,
upadać,to fall (repeated),,
upadek,fall/downfall,,
upadniesz (upaść),You will fall,,
upadnij (upaść),Fall! (once),,
upadnę (upaść),I will fall,,
upalny,sweltering,,
uparty,stubborn/obstinate,,
upaść,to fall (once),,
upewniaj się (upewniać się),Make sure! (repeated),,
upewniam się (upewniać się),I am making sure of,,
upewniasz się (upewniać się),You are making sure of,,
upewniać się,to make sure of (repeated),,
upewnij się (upewnić się),Make sure! (once),,
upewnisz się (upewnić się),You will make sure of,,
upewnić się,to make sure of (once),,
upewnię się (upewnić się),I will make sure of,,
uplatać,to plait/weave (repeated),,
upleciesz (upleść),You will plait/weave,,
upleść,to plait/weave (once),,
uplotę (upleść),I will plait/weave,,
upodabniać,to make similar (repeated),,
upodobnić,to make similar (once),,
upokarzać,to humiliate (repeated),,
upokorzyć,to humiliate (once),,
upowszechniać,to disseminate (repeated),,
upowszechnić,to disseminate (once),,
upragniony,coveted,,
upraszczaj (upraszczać),Simplify! (repeated),,
upraszczam (upraszczać),I am simplifying,,
upraszczasz (upraszczać),You are simplifying,,
upraszczać,to simplify (repeated),,
uprawiać,to practice,,
uproszczony,simplified,,
uproszczę (uprościć),I will simplify,,
uprościsz (uprościć),You will simplify,,
uprościć,to simplify (once),,
uprość (uprościć),Simplify! (once),,
uprzejmy,polite,,
uratować,to rescue/save I (once),,
urlop,leave/holiday,,
uroczy,charming,,
uroczystość,ceremony (e.g. wedding/funeral),,
uroczysty,festive/celebratory,,
uroda,beauty,,
urodzaj,harvest,,
urodzajny,fertile,,
urodzenie,birth,,
urodzić,to give birth to (once),,
urosnąć,to grow (once),,
uruchamiać,to set in motion (repeated),,
uruchomić,to set in motion (once),,
urząd,government office,,
urządzenie,device/appliance/utensil,,
urzędnik,official or civil servant,,
usmażyć,to fry (once),,
usprawiedliwienie,explanation/justification/excuse,,
ustalony,fixed/established,,
usunięty,ousted/expelled,,
usunąć,to remove (once),,
usuwać,to remove (repeated),,
usypiać,to put to sleep (repeated),,
uszkodzenie,damage/injury,,
usługa,service,,
utopić,to drown (once),,
utracić,to lose (something) (once),,
utrzymanie,upkeep/maintenance,,
utworzyć,to establish/form (once),,
utwór,piece of work,,
uwaga,attention,,
uwalniać,to rid/free/liberate (repeated),,
uwolnić,to rid/free/liberate (once),,
uwzględniać,to take into consideration (repeated),,
uwzględnić,to take into consideration (once),,
uzależnienie,addiction,,
uzasadniać,to justify/defend a point of view (repeated),,
uzasadniony,justified,,
uzasadnić,to justify/defend a point of view (once),,
uznany,recognized,,
uzupełniać,to fill out (repeated),,
uzupełnić,to fill out (once),,
ułożyć,to arrange/align (once),,
uśpisz (uśpić),You will put to sleep,,
uśpić,to put to sleep (once),,
uśpię (uśpić),I will put to sleep,,
użyjesz (użyć),You will use,,
użyję (użyć),I will use,,
używanie,using,,
używać,to use (repeated),,
użyć,to use (once),,
w ciągu,in the course of,,
w międzyczasie,in the meantime,,
w oddali,in the distance,,
w ogóle,in general,,
w pobliżu,in the vicinity,,
wada,flaw,,
wahanie,hesitation,,
walka,fight/battle/struggle,,
waluta,currency,,
warownia,stronghold,,
warstwa,layer/coat,,
warsztat,workshop,,
wartość,value,,
warunek,term/condition,,
ważyć,to weigh (repeated),,
wbijać,to hammer/plunge/sink (repeated),,
wbijesz (wbić),You will hammer/plunge/sink,,
wbiję (wbić),I will hammer/plunge/sink,,
wbić,to hammer/plunge/sink (once),,
wbrew,against,,
wcale,whatsoever/in the least,,
wciąż,still/always/continually,,
wczasy pracownicze,worker's holiday,,
wcześniej,earlier,,
wdech,inhalation,,
wdowa,widow,,
wdowiec,widower,,
wdzięczność,gratitude,,
według,according to,,
wejście,entrance,,
wesołość,cheerfulness,,
wesprzesz (wesprzeć),You will support,,
wesprzeć,to support (once),,
wesprzyj (wesprzeć),Support! (once),,
wesprę (wesprzeć),I will support,,
weterynarz,vet,,
wewnątrz,inside,,
wewnętrzny,internal,,
wezmę (wziąć),I will take,,
wezwanie,summons/calls,,
wezwany,summoned,,
weź (wziąć),Take! (once),,
weźmiesz (wziąć),You will take,,
wiara,faith,,
widocznie,apparently/evidently,,
widownia,audience,,
wieczny,eternal/endless,,
wiedza,knowledge,,
wiedźma,witch/hag,,
wieko,lid,,
wielokrotnie,repeatedly,,
wiercić,to drill (repeated),,
wierność,fidelity/faithfulness,,
wierny,faithful,,
wiertło,drill,,
wierzyć,to believe,,
wietrzny,windy,,
wieża,tower,,
wieżowiec,high rise block,,
winny,guilty,,
wioska,hamlet/village,,
wisieć,to hang,,
wisisz (wisieć),You are hanging,,
wiszę (wisieć),I am hanging,,
wizerunek,image,,
wizytówka,business card,,
wiązać,to tie (repeated),,
wiążesz (wiązać),You are tying,,
wiążę (wiązać),I am tying,,
większość,most/majority,,
więzienie,prison,,
więzień,prisoner,,
więź,tie/bond,,
wkrótce,shortly,,
wkurzony,pissed off,,
wkładać,to put/place (repeated),,
wniosek,conclusion,,
wobec,towards,,
wojna,war,,
wojsko,army,,
wokół,around,,
wola,will,,
wolność,freedom,,
woreczek,pouch/bag,,
wozisz (wozić),You are transporting/driving,,
wozić,to transport/drive,,
wołać,to call (repeated),,
wożę (wozić),I am transporting/driving,,
wpadać,to fall/plunge/run into (repeated),,
wpaść,to fall/plunge/run into (once),,
wpisać,to enter (content) (once),,
wpisywać,to enter (content) (repeated),,
wprawdzie,admittedly,,
wprost,straight ahead,,
wprowadzać,to let/bring/show in (repeated),,
wprowadzić,to let/bring/show in (once),,
wpłynąć,to influence (once),,
wpływ,influence,,
wpływać,to influence (repeated),,
wracać,to return (repeated),,
wrażenie,impression,,
wrażliwość,sensitivity,,
wrażliwy,sensitive,,
wrona,crow,,
wrzesień,September,,
wrócisz (wrócić),You will return,,
wrócić,to return (once),,
wrócę (wrócić),I will return,,
wróg,enemy,,
wróć (wrócić),Return! (once),,
wróżka,fairy or fortune-teller,,
wręczanie,presentation (i.e. a handing over of),,
wręczać,to award/hand (repeated),,
wręczyć,to award/hand (once),,
wschód,east,,
wsiadać,to embark/board (repeated),,
wsiąść,to embark/board (once),,
wskazać,to indicate/suggest (once),,
wskazywać,to indicate/suggest (repeated),,
wskazówka,pointer,,
wsparcie,support,,
wspierać,to support (repeated),,
wspominać,to recollect/remember (repeated),,
wspomnienie,memory/recollection,,
wspomnieć,to recollect/remember (once),,
wspólny,common/shared,,
współczesny,contemporary/current,,
współczucie,sympathy/compassion,,
współżycie,co-existence,,
wstawać,to get up (repeated),,
wstawiać,to put/insert/replace (repeated),,
wstawić,to put/insert/replace (once),,
wstać,to get up (once),,
wstążka,hair ribbon,,
wstęp,access,,
wsunąć,to slip (e.g. hands) (once),,
wsuwać,to slip (e.g. hands) (repeated),,
wszechświat,(the) universe,,
wszelki,every/all possible,,
wybaczać,to forgive (repeated),,
wybaczyć,to forgive (once),,
wybierać,to choose/select/pick (repeated),,
wybijać,to strike (repeated),,
wybijesz (wybić),You will strike,,
wybiję (wybić),I will strike,,
wybić,to strike (once),,
wybrany,chosen,,
wybrać,to choose/select/pick (once),,
wybrzeże,coast,,
wybuch,explosion/eruption/outbreak,,
wycelować,to aim (once),,
wychodzić,to leave (on foot) (repeated),,
wychować,to raise (e.g. children) (once),,
wychowywać,to raise (e.g. children) (repeated),,
wycieraj (wycierać),Wipe! (repeated),,
wycieram (wycierać),I am wiping,,
wycierasz (wycierać),You are wiping,,
wycierać,to wipe (repeated),,
wyciągać,to pull out or to stretch (repeated),,
wyciągnąć,to pull out or to stretch (once),,
wyczyścić,to clean/brush (once),,
wydajny,efficient,,
wydarzenie,event,,
wydatek,expense,,
wydrukować,to print (once),,
wygrać,to win (once),,
wygrywać,to win (repeated),,
wyjazd,trip,,
wyjaśniać,to explain (repeated),,
wyjaśnienie,explanation,,
wyjaśnić,to explain (once),,
wyjmować,to take out (repeated),,
wyjątek,exception,,
wyjątkowy,exceptional,,
wyjąć,to take out (once),,
wyjście,exit,,
wyjść,to leave (on foot) (once),,
wyjść za mąż,to get married (to a man),,
wykazać,to show/exhibit (once),,
wykazywać,to show/exhibit (repeated),,
wykonać,to carry out or execute (once),,
wykonywanie,execution,,
wykonywać,to carry out or execute (repeated),,
wykorzystać,"to make use of, to take advantage of (once)",,
wykorzystywać,"to make use of, to take advantage of (repeated)",,
wykraczać poza coś,to exceed something (repeated),,
wykreślić,to trace/plot/sketch (once),,
wykroczyć poza coś,to exceed something (once),,
wykrywać,to detect (repeated),,
wykryć,to detect (once),,
wykształcenie,education,,
wykształcony,educated,,
wylansować,to promote/launch (once),,
wylać,to pour out (once),,
wyleczyć,to treat/cure/heal (once),,
wylewać,to pour out (repeated),,
wylosować,to draw (e.g. a card) (once),,
wylądować,to land (once),,
wymagający,demanding,,
wymaganie,requirement/demand,,
wymagać,to need/require/demand,,
wymawiać,to pronounce/utter (repeated),,
wymiana,exchange/interchange,,
wymieniony,mentioned,,
wymieszać,to mix (once),,
wymyślać,to invent (repeated),,
wymyślić,to invent (once),,
wymyślny,fancy/sophisticated,,
wymówić,to pronounce/utter (once),,
wynagrodzenie,salary/remuneration,,
wynajem,renting/hiring/leasing,,
wynajmować,to hire (repeated),,
wynająć,to hire (once),,
wynalazek,invention,,
wynegocjować,to negotiate (once),,
wynik,result,,
wynurzać się,to emerge (repeated),,
wynurzyć się,to emerge (once),,
wyobrazić sobie,to imagine (once),,
wyobraźnia,imagination,,
wyobrażać sobie,to imagine (repeated),,
wypadek,"accident (as in, crash)",,
wyplujesz (wypluć),You will spit out,,
wypluję (wypluć),I will spit out,,
wypluwać,to spit out (repeated),,
wypluć,to spit out (once),,
wypoczęty,rested,,
wypowiadać,"to express verbally, to give voice to (repeated)",,
wypowiedzieć,"to express verbally, to give voice to (once)",,
wypowiedź,statement,,
wypracować,to develop (once),,
wypracowywać,to develop (repeated),,
wyprasować,to press/iron (once),,
wyprawa,expedition,,
wyprać,to launder (once),,
wyprowadzać się,to move out (repeated),,
wyprowadzić się,to move out (once),,
wyprzedaż,clearance sale,,
wypuszczać,to release (repeated),,
wypuszczę (wypuścić),I will release,,
wypuścisz (wypuścić),You will release,,
wypuścić,to release (once),,
wypytać,to quiz/question (once),,
wypytujesz (wypytywać),You are quizzing,,
wypytuję (wypytywać),I am quizzing,,
wypytywać,to quiz/question (repeated),,
wypłynąć,to set sail or to surface (once),,
wypływać,to set sail or to surface (repeated),,
wyrafinowany,sophisticated/refined,,
wyraz,word,,
wyrazić,to express (once),,
wyraźny,clear/distinct,,
wyrażanie,expressing,,
wyrażać,to express (repeated),,
wyruszać,to set out/off (repeated),,
wyruszyć,to set out/off (once),,
wyschnąć,to dry up (once),,
wysiłek,effort,,
wysokość,height,,
wystawa,exhibition/show,,
wystrój,decoration,,
wystąpić,to stand out (once),,
występować,to stand out (repeated),,
wysuszyć,to dry (once),,
wysychać,to dry up (repeated),,
wysyłać,to send (repeated),,
wyszaleć się,"to let off steam, to have fun",,
wyszczotkować,to brush (once),,
wysłać,to send (once),,
wytrwać,to persevere,,
wytrzesz (wytrzeć),You will wipe,,
wytrzeć,to wipe (once),,
wytrzyj (wytrzeć),Wipe! (once),,
wytrę (wytrzeć),I will wipe,,
wytwarzanie,production,,
wywiad,(an) interview (with the media),,
wywiercić,to drill (once),,
wywiązać,"to set in, to ensue (once)",,
wywiązywać,"to set in, to ensue (repeated)",,
wywiążesz (wywiązać),You will set in,,
wywiążę (wywiązać),I will set in,,
wyzdrowieć,to recuperate (once),,
wyznanie,declaration,,
wyznawać,to confide/confess/profess (repeated),,
wyznać,to confide/confess/profess (once),,
wyzwanie,challenge,,
wyćwiczyć,to exercise (once),,
wyłączać,to turn off (repeated),,
wyłączenie,exclusion/cut-off,,
wyłącznie,solely/uniquely/exclusively,,
wyłączyć,to turn off (once),,
wyścig,race,,
wyślesz (wysłać),You will send,,
wyślę (wysłać),I will send,,
wyższy,higher,,
wzajemnie,"mutually, reciprocally",,
wzdłuż,along/longways,,
wzgląd,respect/regard,,
wznieść,to lift/raise (once),,
wznosić,to lift/raise (repeated),,
wzornictwo,design,,
wzrastać,to rise/grow/increase (repeated),,
wzrok,eyesight/vision,,
wzrosnąć,to rise/grow/increase (once),,
wzruszać,to move/touch (repeated),,
wzruszenie,emotion,,
wzruszyć,to move/touch (once),,
wzór,pattern,,
wódz,leader/chief/chieftain,,
wóź (wozić),Transport/drive!,,
wąski,narrow,,
wątpić,to doubt,,
wątpliwość,doubt,,
wędka,fishing rod,,
władza,power/authority,,
własność,possession/property,,
właściciel,owner,,
właściwie,exactly/actually/basically,,
właściwy,correct/proper/right/appropriate,,
włożyć,to put/place (once),,
włókienniczy,textile,,
włączać,to turn on (repeated),,
włączyć,to turn on (once),,
wściekły,furious,,
wśród,among,,
z zawodu,by profession,,
za,behind,,
za pomocą,using (with the help of),,
zaangażowany,committed,,
zaangażować się,to involve oneself in (once),,
zabezpieczać,to protect/guard (repeated),,
zabezpieczyć,to protect/guard (once),,
zabieg,operation/procedure,,
zabierać,to take away (repeated),,
zabijać,to kill (repeated),,
zabić,to kill (once),,
zabraniać,to forbid (repeated),,
zabrać,to take away (once),,
zabronić,to forbid (once),,
zabrzmieć,to sound (once),,
zabytek,monument,,
zachodzić,to go behind (repeated),,
zachowanie,behaviour,,
zachować,to preserve/retain/keep (once),,
zachowywać,to preserve/retain/keep (repeated),,
zachwycać się,to enthuse/marvel (repeated),,
zachwycić się,to enthuse/marvel (once),,
zachwycony,enraptured/delighted,,
zachód,west,,
zachęcający,inviting/tempting,,
zachęcać,to coax/encourage (repeated),,
zachęcić,to coax/encourage (once),,
zaczaić się,to lurk (once),,
zaczniesz (zacząć),You will start,,
zacznij (zacząć),Start! (once),,
zacznę (zacząć),I will start,,
zaczynać,to start/begin (repeated),,
zacząć,to start/begin (once),,
zadanie,job/task,,
zadawać,to pose/set (repeated),,
zadać,to pose/set (once),,
zadbać,to care (for) (once),,
zadrapanie,scratch,,
zadrżeć,to shiver (once),,
zadziwiający,astonishing,,
zagadka,puzzle/riddle,,
zagrozić,to threaten (once),,
zagrożenie,threat/menace,,
zagubiony,lost,,
zaimek,pronoun,,
zaimek dzierżawczy,possessive pronoun,,
zaimek wskazujący,demonstrative pronoun,,
zajmiesz (zająć),You will capture/occupy/seize,,
zajmij (zająć),Capture/occupy/seize! (once),,
zajmować,to capture/occupy/seize (repeated),,
zajmuj (zajmować),Capture/occupy/seize! (repeated),,
zajmujesz (zajmować),You are capturing/occupying/seizing,,
zajmuję (zajmować),I am capturing/occupying/seizing,,
zajmę (zająć),I will capture/occupy/seize,,
zająć,to capture/occupy/seize (once),,
zajęcie,occupation/classes,,
zajść,to go behind (once),,
zakaz,ban,,
zakazany,banned/forbidden or seedy,,
zakończenie,ending/conclusion,,
zakradać się,to sneak in (repeated),,
zakradniesz się (zakraść się),You will sneak in,,
zakradnę się (zakraść się),I will sneak in,,
zakraść się,to sneak in (once),,
zakręcać,to screw/tighten (repeated),,
zakręcić,to screw/tighten (once),,
zakład,bet,,
zakładać,"to found/establish/install, to put on clothes (repeated)",,
zakładnik,hostage,,
zalać,to flood (once),,
zaleta,virtue,,
zalewać,to flood (repeated),,
zamach,assassination attempt,,
zamarzać,to freeze (repeated),,
zamarznąć,to freeze (once),,
zamiar,intention,,
zamiatać,to sweep (repeated),,
zamieciesz (zamieść),You will sweep,,
zamieniać,to exchange/swap (repeated),,
zamienić,to exchange/swap (once),,
zamierzać,to intend (repeated),,
zamierzyć,to intend (once),,
zamieszkanie,inhabitancy,,
zamieć,snowstorm/blizzard,,
zamieść,to sweep (once),,
zamilknąć,to fall silent (once),,
zamiotę (zamieść),I will sweep,,
zamożny,wealthy,,
zamówienia,orders,,
zanieczyszczenie,pollution/contamination,,
zanim,before,,
zanotować,to note/log (once),,
zanurkować,to dive (once),,
zaopiekować się,to look after (once),,
zapalać,to ignite (repeated),,
zapalisz (zapalić),You will ignite,,
zapalić,to ignite (once),,
zapalę (zapalić),I will ignite,,
zapamiętać,to memorise (once),,
zapamiętujesz (zapamiętywać),You are memorising,,
zapamiętuję (zapamiętywać),I am memorising,,
zapamiętywać,to memorise (repeated),,
zapanować,to reign/control (once),,
zapas,reserve/stock/supply,,
zapewne,surely,,
zapisać,to record/save (once),,
zapisywać,to record/save (repeated),,
zapolować,to hunt (once),,
zapominać,to forget (repeated),,
zapomnieć,to forget (once),,
zapragnąć,to desire (once),,
zaproponować,to propose (once),,
zaproszenie,invitation,,
zaprzyjaźnić się,to make friends with,,
zapłacić,to pay (for) (once),,
zapłakany,tearful/crying,,
zarabiać,to earn (money) (repeated),,
zaraźliwy,contagious/infectious,,
zareagować,to react (once),,
zarejestrować,to register (once),,
zarobić,to earn (money) (once),,
zarobki,earnings/wages,,
zarozumiały,big-headed,,
zarośnięty,overgrown,,
zarysować,to scratch (once),,
zarysowywać,to scratch (repeated),,
zarząd,management/administration,,
zarządzanie,management,,
zasada,rule,,
zaskakiwać,to spring into life (repeated),,
zaskakujący,surprising,,
zaskoczyć,to spring into life (once),,
zasmucić się,to be sad (once),,
zasnąć,to fall asleep (once),,
zastanawiać się,to consider (repeated),,
zastanowić się,to consider (once),,
zastrzyk,injection,,
zastygły,stagnant/frozen,,
zastąpić,to replace/substitute (once),,
zastępczy,alternative/replacement,,
zastępować,to replace/substitute (repeated),,
zasypiać,to fall asleep (repeated),,
zasługiwać,to deserve (repeated),,
zasługujesz (zasługiwać),You deserve,,
zasługuję (zasługiwać),I deserve,,
zasłużysz (zasłużyć),You will deserve,,
zasłużyć,to deserve (once),,
zasłużę (zasłużyć),I will deserve,,
zatem,then,,
zatkany,clogged,,
zatroszczyć się,to take care of (once),,
zatrudniać,to employ (repeated),,
zatrudnić,to employ (once),,
zatrzymać,to stop (motion) (once),,
zatrzymywać,to stop (motion) (repeated),,
zatrząść się,to shake (once),,
zaufanie,trust,,
zaufać,to trust (once),,
zauważać,to notice (repeated),,
zauważyć,to notice (once),,
zawalać się,"to cave in, to collapse (repeated)",,
zawalić się,"to cave in, to collapse (once)",,
zawartość,contents,,
zawarty,contained,,
zawdzięczać,to owe,,
zawiedziesz się (zawieść się),You will be let down,,
zawierać,to contain (repeated),,
zawieść się,to be let down (once),,
zawieźć,to give a lift to (once),,
zawijać,to wrap up (repeated),,
zawiniątko,bundle,,
zawinąć,to wrap up (once),,
zawiodę się (zawieść się),I will be let down,,
zawiązać,to tie (once),,
zawiść,envy,,
zawodnik,player,,
zawodowy,professional,,
zawodzić się,to be let down (repeated),,
zawozić,to give a lift to (repeated),,
zawołać,to call (once),,
zawrzeć,to contain (once),,
zawstydzać się,to feel ashamed (repeated),,
zawstydzić się,to feel ashamed (once),,
zawód,profession,,
zazdrosny,jealous,,
zazdrościć,to be jealous,,
zazdrość,jealousy,,
zaznaczać,to mark/cross/check/tick (repeated),,
zaznaczyć,to mark/cross/check/tick (once),,
zazwyczaj,usually,,
załadować,to load (once),,
załatwiać,to take care of business (repeated),,
załatwić,to take care of business (once),,
założyć,"to found/establish/install, to put on clothes (once)",,
zaśmiać się,to laugh (once),,
zażenowanie,embarrassment,,
zażenować,to embarrass (once),,
zażądać,to demand (once),,
zbadać,to research/investigate (once),,
zbierać,to collect/gather/save (repeated),,
zbity,battered,,
zbliżać,to move/bring closer (repeated),,
zbliżyć,to move/bring closer (once),,
zboże,grain,,
zbrodnia,serious crime,,
zbroja,armour,,
zbudować,to build (once),,
zburzyć,to demolish/destroy (once),,
zbłądzić,to wander (once),,
zdanie,opinion/sentence,,
zdarzać się,to happen/occur (repeated),,
zdarzyć się,to happen/occur (once),,
zdawać egzamin,to pass an exam (repeated),,
zdać egzamin,to pass an exam (once),,
zdejmiesz (zdjąć),You will take off,,
zdejmij (zdjąć),Take off! (once),,
zdejmować,to take off (repeated),,
zdejmuj (zdejmować),Take off! (repeated),,
zdejmujesz (zdejmować),You are taking off,,
zdejmuję (zdejmować),I am taking off,,
zdejmę (zdjąć),I will take off,,
zderzenie,crash/collision,,
zdjąć,to take off (once),,
zdmuchiwać,to blow out (repeated),,
zdmuchniesz (zdmuchnąć),You will blow out,,
zdmuchnij (zdmuchnąć),Blow out! (once),,
zdmuchnąć,to blow out (once),,
zdmuchnę (zdmuchnąć),I will blow out,,
zdmuchuj (zdmuchiwać),Blow out! (repeated),,
zdmuchujesz (zdmuchiwać),You are blowing out,,
zdmuchuję (zdmuchiwać),I am blowing out,,
zdobywanie,acquisition,,
zdobywać,to conquer/seize/acquire/accumulate (repeated),,
zdobyć,to conquer/seize/acquire/accumulate (once),,
zdolny,able/capable,,
zdopingować,to support/boost (once),,
zdrada,betrayal/treason,,
zdradzać,to betray (repeated),,
zdradzić,to betray (once),,
zdrowiejesz (zdrowieć),You are recuperating,,
zdrowieję (zdrowieć),I am recuperating,,
zdrowieć,to recuperate (repeated),,
zdumiejesz (zdumieć),You will amaze/astound,,
zdumieję (zdumieć),I will amaze/astound,,
zdumiewać,to amaze/astound (repeated),,
zdumieć,to amaze/astound (once),,
zdyszany,breathless/panting,,
zdziwienie,surprise/astonishment,,
zdziwić się,to be surprised (once),,
zdążać,to be on time (repeated),,
zdążyć,to be on time (once),,
zebrać,to collect/gather/save (once),,
zechcieć,to feel like,,
zegniesz (zgiąć),You will bend,,
zegnij (zgiąć),Bend! (once),,
zegnę (zgiąć),I will bend,,
zejść,to descend (once),,
zemścić się,to avenge oneself on somebody (once),,
zepchnąć,to drive back (once),,
zepsuć,to break/spoil/ruin (once),,
zerwanie,severance,,
zerwać,to sever/strip (once),,
zerwiesz (zerwać),You will sever/strip,,
zerwę (zerwać),I will sever/strip,,
zespalać,to integrate (repeated),,
zespolić,to integrate (once),,
zespół,band/team/crew,,
zestaw,set/suite/kit,,
zestawienie,breakdown (e.g. of facts),,
zeszyt,exercise book,,
zeszły,past,,
zetknięcie,contact/encounter,,
zewnątrz,outside,,
zewnętrzny,external,,
zgadzać się,to agree (repeated),,
zgasić,"to put out, to extinguish (once)",,
zgasnąć,to go out (once),,
zginąć,to be killed (once),,
zgiąć,to bend (once),,
zgoda,agreement,,
zgodzić się,to agree (once),,
zgrabny,shapely,,
zgromadzić,to amass/gather (once),,
zgłoszenie,application/enrolment,,
ziarno,grain/particle,,
zjawisko,phenomenon,,
zlecać,to commission (repeated),,
zlecenie,commission,,
zlecić,to commission (once),,
zlew,kitchen sink,,
zmarnować,to waste (once),,
zmarszczka,wrinkle/crinkle/ripple,,
zmiana,change,,
zmieniać,to change (repeated),,
zmieniesz (zmienić),You will change,,
zmienić,to change (once),,
zmienię (zmienić),I will change,,
zmienny,fickle,,
zmień (zmienić),Change! (once),,
zmieścić się,to fit (once),,
zmniejszać,to decrease (repeated),,
zmniejszyć,to decrease (once),,
zmoczyć,to wet (once),,
zmrok,dark,,
zmusić się,to force (once),,
zmuszać się,to force (repeated),,
zmęczenie,tiredness/fatigue,,
znaczenie,meaning/importance/significance,,
znajdować,to find (repeated),,
znakomity,outstanding/overwhelming,,
znaleźć,to find (once),,
znieść,to tolerate/endure/stand (once),,
znikać,to disappear/vanish (repeated),,
zniknąć,to disappear/vanish (once),,
zniszczyć,to devastate/destroy (once),,
znosić,to tolerate/endure/stand (repeated),,
zostawiać,to leave behind I (repeated),,
zostawić,to leave behind I (once),,
zranić,to wound/hurt (once),,
zrań (zranić),Wound/hurt! (once),,
zredagować,to edit (once),,
zresztą,"anyway, after all, besides",,
zrozpaczony,desperate/despairing,,
zrywać,to sever/strip (repeated),,
zszarpany,shredded/torn/frayed,,
zupełnie,entirely,,
zużywać,to use up (repeated),,
zużyć,to use up (once),,
zwabiać,to lure (repeated),,
zwabić,to lure (once),,
zwalczać,to fight/combat (against) (repeated),,
zwalczyć,to fight/combat (against) (once),,
zwalniać,to reduce/release/vacate/dismiss (repeated),,
zważyć,to weigh (once),,
zwiedzaj (zwiedzać),Visit/sightsee! (repeated),,
zwiedzający,visitor,,
zwiedzam (zwiedzać),I am visiting/sightseeing,,
zwiedzasz (zwiedzać),You are visiting/sightseeing,,
zwiedzać,to visit/sightsee (repeated),,
zwiedzisz (zwiedzić),You will visit/sightsee,,
zwiedzić,to visit/sightsee (once),,
zwiedzę (zwiedzić),I will visit/sightsee,,
zwiedź (zwiedzić),Visit/sightsee! (once),,
zwierzyna,game (animal),,
związany,related/connected/tied,,
związek,relationship,,
zwiększać,to increase (repeated),,
zwiększyć,to increase (once),,
zwolnić,to reduce/release/vacate/dismiss (once),,
zwrot,turn/return,,
zwłaszcza,especially,,
zyskać,to gain/win/profit (once),,
zyskiwać,to gain/win/profit (repeated),,
złamać,to break (once),,
zło,evil/wrong,,
złowić,to catch/hunt (once),,
złość,anger,,
złożony,complex/compound,,
złudzenie,illusion,,
ćwiczyć,to exercise (repeated),,
łabędź,swan,,
ładować,to load (repeated),,
łagodny,gentle/smooth/mild,,
łam (łamać),Break! (repeated),,
łamać,to break (repeated),,
łamiesz (łamać),You are breaking,,
łamię (łamać),I am breaking,,
łapczywy,greedy,,
ławka,bench,,
łańcuch,chain,,
łowić,to catch/hunt (repeated),,
łuk,bow,,
łuska,scale,,
łącznie,including/altogether,,
łączyć,to connect/combine (repeated),,
ściek,drain,,
ścierka,cleaning cloth,,
ściskać,to squeeze (repeated),,
ścisnąć,to squeeze (once),,
ścisnę (ścisnąć),I will squeeze,,
ścisły,accurate/precise,,
ściągać,to pull/draw (repeated),,
ściągnąć,to pull/draw (once),,
ściśniesz (ścisnąć),You will squeeze,,
śledztwo,investigation,,
śmiać się,to laugh (repeated),,
śmiej się (śmiać się),Laugh! (repeated),,
śmiejesz się (śmiać się),You are laughing,,
śmieję się (śmiać się),I am laughing,,
śnić się,to dream about (repeated),,
śpiwór,sleeping bag,,
środek,middle/centre,,
środowisko,(the) environment,,
świadectwo,certificate (esp. educational),,
świadek,witness,,
świadomy,deliberate/conscious,,
świeca,candle,,
świecisz (świecić),You are shining,,
świecić,to shine,,
świecę (świecić),I am shining,,
świt,dawn,,
świta,retinue/entourage,,
świątynia,temple,,
żaden,no/none/neither,,
żal,grief/remorse/grudge,,
żałować,to regret (repeated),,
żebro,rib,,
żegnać,to say farewell (repeated),,
żelazko,(an) iron,,
żelazo,iron,,
żenić,to get married (to a woman) (repeated),,
żenować,to embarrass (repeated),,
życiorys,C.V.,,
życzenie,wish,,
życzliwy,kind/friendly,,
żyjący,living,,
żądać,to demand (repeated),,
